idx,node00,node01,node02,node03,node04,node05,node06,node07,node08,node09,node10,node11,node12,node13,node14,node15,node16,node17,node18,node19,node20,node21,node22,node23,node24,node25,node26,node27,coupling_X,rep_Y
0,0.13117451320660517,0.16575835257306934,0.18248486480707116,0.18152480899035062,0.175051855259752,0.17533730413654863,0.15487673755053202,0.14819150881687274,0.14884465138770622,0.1562177362914142,0.1576925444798076,0.17120102327435482,0.17256050189724748,0.15868368709569097,0.16584145538290462,0.16315128929843953,0.17909257953538144,0.18387546553098752,0.1834099942682536,0.16457387020094408,0.1654187705758718,0.15593050621833826,0.16158608696288407,0.16577235028686732,0.16108128940553068,0.17996746924839424,0.1653548021543627,0.17413034475062938,100,1
1,0.0024456799102011745,0.08102959106436242,0.052257655175982624,0.0749949317278196,0.09359177520264775,0.09226644665390502,0.06909032447552023,0.049628624917515456,0.059614292564262816,0.07127889739362815,0.08092428227958011,0.04220317116059371,0.0931528273390335,0.06331353930683922,0.07648905605283786,0.02293072046556468,0.11344594083121066,0.1457318488950109,0.12213167826111122,0.06465569121355681,0.10249959351997069,0.007685691536044307,0.029920606087334073,0.06337453806772027,0.052651299746529545,0.11580350857360563,0.05348194317116403,0.055227004393682166,100,1
2,-0.2581474566915758,-0.08673200167246589,-0.20906081038725827,-0.1400343425272089,-0.06635653044413702,-0.06534687765648763,-0.1016689296887182,-0.146858529212273,-0.11810314622252263,-0.09853350889783644,-0.07074229033589446,-0.21169138052488173,-0.06111218250738154,-0.12398760698963902,-0.0990594909771121,-0.25579312069509225,-0.014082662369657502,0.08229025125750873,0.007490729007800736,-0.1324931229622293,-0.011335431087693354,-0.2944969108501327,-0.23297382113051496,-0.13181207885899623,-0.15682795157363044,-0.007546773630214682,-0.1626916244829408,-0.17800992287493772,100,1
3,-0.5665941552258174,-0.27637271826632037,-0.5132714587679335,-0.3929549840771532,-0.24360769666776955,-0.22742102051457708,-0.29671442594065167,-0.3721924744159737,-0.32143351836447775,-0.2943741298219791,-0.24126579841085607,-0.49697955472294986,-0.22799241202680398,-0.33186786390807993,-0.2940964997904611,-0.5752179340344635,-0.15181445638943192,0.040204038173571606,-0.10577879380619944,-0.3534542651453282,-0.1133064583267659,-0.657364843822448,-0.5362097899750816,-0.3372975705447012,-0.3827030363971825,-0.13731425388419036,-0.39594273789987955,-0.4375157386890922,100,1
4,-0.7914258771949125,-0.39788474664720397,-0.7265455206451877,-0.5737287084498673,-0.34915171959479335,-0.3004735286598974,-0.42498830797778425,-0.5223035170620786,-0.45559401095417135,-0.42680245390298915,-0.3482201226078112,-0.681771486580931,-0.3188705137481226,-0.45668555308909364,-0.4123108714323782,-0.7933612672059301,-0.22589864736305895,0.0724330677251648,-0.14539103202997775,-0.4912213141659877,-0.12519925993491754,-0.9327328651648251,-0.7449340718863877,-0.4457933046119914,-0.5099833179559323,-0.19970315956822574,-0.5298657511084709,-0.5991116751762997,100,1
5,-0.8442471536167254,-0.39255064716294846,-0.7626483422341591,-0.6065656631670847,-0.32550538104592364,-0.23086664431664755,-0.4260562959453785,-0.5277596849275895,-0.4568907239835719,-0.43541004762360774,-0.33786585579690426,-0.6905627571813069,-0.277861205157815,-0.4321896335635133,-0.39244656074315654,-0.8256143945892065,-0.1897404288417948,0.20260522210234908,-0.0695974278910769,-0.47793069735040383,-0.006691919724186135,-1.019721340834792,-0.7747275537807647,-0.4017692834644209,-0.4747436195190036,-0.1492952067528777,-0.50289747376737,-0.590291434418509,100,1
6,-0.7066642487204088,-0.24646492072142828,-0.6088712114604433,-0.4716268695827542,-0.16209478998789575,-0.018697735605411755,-0.2863749324821294,-0.37311915480682534,-0.3105130882529352,-0.3054215036592895,-0.1988286932928243,-0.5241215824148802,-0.09703110228983512,-0.24770144918926998,-0.22263318960946402,-0.6686130870471347,-0.03684769454577276,0.42067428917596045,0.12258677044276574,-0.30146666263406424,0.23536685195048054,-0.8965273819464837,-0.615738801393605,-0.2137117374091671,-0.2803767365497024,0.018681401487297192,-0.31959957666288963,-0.4095155507498232,100,1
7,-0.41589704374502645,0.01780519728326389,-0.3092760166172023,-0.19646709740647422,0.11387005961332257,0.29434001728130904,-0.030424067442108745,-0.08744772740475117,-0.04229339829726223,-0.05970039929619544,0.045995926552577546,-0.2364543396299818,0.19334608039860895,0.06306180919927185,0.0695442767579191,-0.37822834978009123,0.20772356502334752,0.6935748051637882,0.4008894767867966,0.0061480775047953184,0.5602967605717095,-0.608061656781644,-0.3159604735901024,0.06628140891388434,0.02174080574999313,0.2771483883976493,-0.029301648643537317,-0.10720888977327148,100,1
8,-0.03718610133576171,0.355429416650097,0.06587439865219559,0.16493087568181902,0.4553327827158933,0.6479440464533038,0.2967618746144518,0.27627794328069327,0.2999516336559911,0.25842535397065186,0.35468338823844414,0.09901033561081013,0.5436118034377231,0.4437697771990427,0.43368765047860797,-0.033184816610384305,0.503133086628508,0.9793998918045195,0.7198921839171752,0.3881184130472024,0.9132933862471202,-0.2327240658807095,0.05020900596653899,0.37160377155476765,0.3620493093711605,0.583158913330289,0.29992441857557717,0.24507456802771727,100,1
9,0.3596760543022199,0.7155573534229859,0.4458333545961937,0.5532316198990644,0.8120588304324413,0.9842829718249569,0.6460973838785139,0.6609246240676209,0.6643722696510936,0.601439475287921,0.6813912837359299,0.4153368324719745,0.9019079505942142,0.835528069339036,0.8143742372470093,0.2946502212358756,0.8067545197939298,1.238913305627811,1.0336290440132068,0.7832661097449791,1.2421996196597196,0.1509352915510595,0.4106767433036976,0.6440468885512471,0.6772572964514247,0.892607938988616,0.6047692777540453,0.5807253565047287,100,1
10,0.71749274692796,1.0540694131114907,0.7760727454750074,0.918135864830442,1.1415570373510047,1.2601193095238035,0.9755528003662123,1.018351630378909,1.0068172087345908,0.9283439023229949,0.9868555669203921,0.6661849280154848,1.225285816630163,1.1898727127493332,1.1644793246431977,0.5562686745305919,1.0831100937620146,1.442085811412096,1.3048117101773653,1.1409398516984683,1.5073881957011694,0.48452842737473156,0.7129383513861728,0.8452265196984929,0.9234692304595573,1.169422952900527,0.8411995783372114,0.8526078733666917,100,1
11,0.9999862021006699,1.3391579045729927,1.0245982563132652,1.2246499355629274,1.4136933845479966,1.4500769648673446,1.2548645043073476,1.3149755123933693,1.295668253692444,1.209273830138603,1.2429189570068935,0.8289802782001426,1.484108073588031,1.4739986024146787,1.4509054968376605,0.7286525000574299,1.3073278562345398,1.5699799288532441,1.5082409903241178,1.4270334128182545,1.684502115426218,0.7357524886588342,0.9287484775250837,0.9580560011419625,1.078775583578905,1.388664967101056,0.9876036746743346,1.036322238673576,100,1
12,1.1908694320665785,1.5513178651922008,1.1795510566441665,1.4529590542711484,1.6102291235756134,1.5441904239325273,1.4653601798941447,1.531425427277962,1.5116484538713397,1.4255313775475715,1.4324003454659373,0.9006980329559117,1.6612154912303196,1.6697672243238735,1.6543401277924124,0.8095834941359773,1.4645007127331024,1.613569369349988,1.630005054704474,1.6232306190904024,1.7624591151306153,0.8946690135393401,1.0502958982534414,0.9822664240893543,1.1392282704654466,1.535641658955896,1.0408194472982013,1.1261230322766445,100,1
13,1.2881949275107225,1.6805310967448488,1.2428195237589919,1.59462211706003,1.721886043405003,1.5432159879350522,1.5972790601321958,1.658993604716948,1.6449818139389167,1.566892278732809,1.5464130493903436,0.8906464081596874,1.748793524616888,1.7697180232944707,1.7659328183216092,0.8094378896858498,1.547203673670758,1.5714076833098116,1.6647427329217126,1.7227999185727625,1.739934869660631,0.9659094443898185,1.0829837086624419,0.9278180374130546,1.1123134213629007,1.6034292446908747,1.0093761505657786,1.1281119369620465,100,1
14,1.298177661710549,1.7230486264259135,1.2233400882106775,1.6480746120515581,1.7453703327191612,1.4540969851016987,1.6467301181788334,1.6956431893728783,1.6921518467249128,1.6285566734027892,1.5814988227270292,0.8134175046122936,1.7453204716645476,1.773209471074498,1.7836936939063146,0.7436107447879967,1.5530160373141748,1.447440236830445,1.6129414041028085,1.7261617891762442,1.6220672515145491,0.9610568233916768,1.0383323687620865,0.8094377473186184,1.010859903527008,1.590469872956802,0.9071531060247732,1.053919557600394,100,1
15,1.230431254886927,1.6790595966886601,1.1321269174296944,1.6154632943977303,1.6813344716966183,1.286877427685293,1.6135630808579886,1.6433649985226213,1.65363886600535,1.60936616412672,1.5377600222177166,0.6841291708648227,1.6533791474156045,1.6838285473684613,1.7098998274496413,0.6276427219734951,1.4828819690058908,1.249296030204061,1.4790927973312205,1.6377755097981277,1.4179952430253653,0.8930618244507562,0.9292176867988474,0.6427415189570126,0.8488463684688338,1.4988881295276266,0.749133784059067,0.916540573891315,100,1
16,1.0951249970413213,1.5515641738346995,0.979859444774748,1.50115427686458,1.5334163585756622,1.053180352033717,1.5003647436330558,1.506883194868438,1.5327453644050275,1.5109875789989677,1.417988516231449,0.5161867742117854,1.4784009875865747,1.5079696152965625,1.5497244531114602,0.4753077235556067,1.3403475535163465,0.9875308911175505,1.2706329036088815,1.4645288470843068,1.1397094462425286,0.774010053213467,0.7677600310185408,0.4407027076190551,0.6396299800667439,1.3334250686595235,0.5495434553463694,0.7282468634527646,100,1
17,0.9021843230916269,1.3461568810992377,0.7765483809711927,1.3114234016852533,1.3081400812683242,0.7657338094447393,1.3123890761063945,1.2933139472031006,1.335265965383834,1.3376298994317692,1.2274899135322554,0.3205557962695068,1.229185002420956,1.254017170186752,1.310934382296502,0.29793572643588273,1.1317427178656747,0.6751836382768406,0.997399247680104,1.2150539652058123,0.8017580117420127,0.6144128812189473,0.5649361537490354,0.21328156217713207,0.39606017186835785,1.1011561825163128,0.32113562974946486,0.500192872438043,100,1
18,0.6617931809951514,1.0713872396720439,0.5321410683789023,1.054795052049514,1.0152307354771537,0.4385006903267944,1.0578920166767116,1.0124903275802792,1.069756425784487,1.0970865430155607,0.9743009831167392,0.10632199039650408,0.9180306795051791,0.9327691087583677,1.0041039371446085,0.10432291141485105,0.8662080261579173,0.32677069854028895,0.671750810971341,0.9001413948237319,0.42066586477285967,0.42158694806802566,0.3311608017813793,-0.02935982090906219,0.1308694066362369,0.8117948179487503,0.0750213793260787,0.24391260373338663,100,1
19,0.3852128784636655,0.7392573262704037,0.25753910239085104,0.7426685262860254,0.6681605377549306,0.0873316189610383,0.7481692155693284,0.6774134843082458,0.7479810789730488,0.8009291168259052,0.6694628408281916,-0.11740648375189086,0.5584005818626404,0.5593111073192009,0.6430201053941254,-0.09761652747184754,0.5546884630434582,-0.041622494638895176,0.3094666849025944,0.534474667195363,0.014636614871034572,0.20149393662990953,0.077313356716713,-0.27496517646151425,-0.14302475624015262,0.4781132173997146,-0.17802038754686292,-0.027325214778950908,100,1
20,0.08544968622498114,0.36537280479956447,-0.034483200022531135,0.3897116570928069,0.28394679936623474,-0.2698146473419787,0.3975497443311362,0.3043138068017879,0.3852824617810871,0.4622187923689452,0.3271063642927876,-0.3397289627751392,0.16531694683305298,0.1530110432589579,0.24492797777654332,-0.2987018464740659,0.21045381760460563,-0.4114392877999913,-0.0704845501505859,0.13684510939186,-0.39606093143764015,-0.036530387139592654,-0.18425447603631656,-0.5096906814691411,-0.4118602540110897,0.11630742102203485,-0.42562740518395986,-0.2991659392930638,100,1
21,-0.22261190783302073,-0.03152498949247111,-0.32910285991037963,0.013573248844457913,-0.11840360359112988,-0.614032087772999,0.023602983552067906,-0.0878252395015211,0.00026468307790653706,0.09555783571622525,-0.03589229045945168,-0.5480210988677132,-0.24193665985934223,-0.26485675142298937,-0.1699755124005077,-0.4880336119925438,-0.1496433696906474,-0.762279825560173,-0.44816493671625346,-0.27184379854208934,-0.7893540183916344,-0.27920009577475746,-0.43961345459710466,-0.7193485752556441,-0.661061370004416,-0.25475592871856434,-0.6536544898028731,-0.5575474724379985,100,1
22,-0.5226536012327226,-0.43046523997760483,-0.6099790395910566,-0.3658087811637238,-0.5185631294501223,-0.9265112948517172,-0.35357499998497705,-0.478160909203187,-0.3865167058447743,-0.2811679868698711,-0.4006726584262212,-0.7292712353791384,-0.6407541020914772,-0.6724008224414046,-0.5796596115345162,-0.6537879066705122,-0.506157100472999,-1.073492906819963,-0.8037356843688024,-0.6698821181537212,-1.1426514139173363,-0.5118312101026786,-0.6742344288492318,-0.8906215648649908,-0.8760915920418665,-0.6152143941996482,-0.8476873131368219,-0.7888551005009372,100,1
23,-0.7977314632902976,-0.8092392350164411,-0.8604652422082599,-0.7272295314950092,-0.8947108136405426,-1.189008200030522,-0.7131137084315923,-0.8451131902488287,-0.7539802235270786,-0.6475444971783751,-0.7473478835537392,-0.8713215556125727,-1.0077648767511778,-1.0473454958731854,-0.961430518732971,-0.7844800924201603,-0.838816377530154,-1.3258460835746981,-1.1171911867984732,-1.0353587845592023,-1.4345522378876054,-0.7200173332930363,-0.8740221692302884,-1.0120109775438983,-1.0434690731005625,-0.9451320227200987,-0.9946270726429811,-0.9793809333869696,100,1
24,-1.031410594152104,-1.1457328341962172,-1.0652091765818281,-1.0497439036405465,-1.2247444255196076,-1.3853551665426338,-1.0347276609085314,-1.1675104939500827,-1.0814368236473597,-0.9820073643890975,-1.055997932085735,-0.9638531596597834,-1.320551302502019,-1.36791437413046,-1.2930025185625107,-0.870450115148337,-1.1278621260088024,-1.5032103003872879,-1.369353767221928,-1.3471919725937374,-1.646491822972922,-0.8903730391865314,-1.0261296212654534,-1.0745777538583998,-1.1518984200629423,-1.2251957347909144,-1.083802517738202,-1.1162570386809314,100,1
25,-1.2090989987764014,-1.4196118122800492,-1.211306061459462,-1.3140702496187457,-1.488132255662005,-1.5028769785045546,-1.2994817382861499,-1.4257590217233787,-1.3495102728164783,-1.2634718314699227,-1.3078032817165919,-0.9992999212212477,-1.559346722431612,-1.6143072455667582,-1.5538357980119475,-0.9047340414412868,-1.3552571917176783,-1.5936033599391588,-1.5437663083674433,-1.5865076915721077,-1.7641115906855798,-1.0112601493830238,-1.1198969776098324,-1.0723567664256866,-1.1929873004493978,-1.4380285707680536,-1.1077681929528682,-1.189142208211462,100,1
26,-1.3190903006103671,-1.6137023168136007,-1.2885498624480944,-1.5035235271491074,-1.6673487150273183,-1.5321100584288019,-1.4907711040813745,-1.6032054916831564,-1.5413701348240723,-1.4735320213310004,-1.4865266236663488,-0.9733958414283506,-1.708896143474951,-1.7701121439446674,-1.7268537756058124,-0.8832410132552351,-1.5059788393149156,-1.5892917076593116,-1.628014479759447,-1.7378107446721482,-1.7780575316949359,-1.073520347826075,-1.1475188962497291,-1.0027970335666896,-1.161587071627508,-1.5694882344695396,-1.062818438251185,-1.1908180128482149,100,1
27,-1.3530327961770727,-1.714880825713023,-1.2894713130331805,-1.6050644764075421,-1.749227838700175,-1.4672379819958232,-1.5957302775877207,-1.6874676385926788,-1.6440143962527376,-1.5980040925955383,-1.579806793077779,-0.8851230342257789,-1.7591390334212373,-1.8234224443702458,-1.7997684633354152,-0.8047595179644792,-1.5691666994160784,-1.4871989550654334,-1.6140680568547565,-1.789245737668919,-1.684597152446827,-1.070858599335518,-1.104320928807383,-0.8671853336504969,-1.0563275044008786,-1.6094623926630351,-0.9494153944064385,-1.1173395290023007,100,1
28,-1.3061546545788898,-1.7146782739067274,-1.2100789516997112,-1.6103018187180203,-1.7260712172218442,-1.3084645429463764,-1.6062186463323014,-1.6712957832834878,-1.649146240368058,-1.6276456002819149,-1.5797905571808162,-0.7360731469122892,-1.704219933284009,-1.76793931564777,-1.765628488065384,-0.6705017648667317,-1.5384866142377365,-1.291154142964904,-1.4991011632010718,-1.733629397768612,-1.4878487893323147,-1.0002145268968525,-0.9893117236556356,-0.670348745492004,-0.8798815740170733,-1.5523759291087573,-0.7714347419945954,-0.9685916564370172,100,1
29,-1.1777922701785617,-1.609971693649566,-1.051034045979216,-1.5160609758385286,-1.5965446214307555,-1.0641928365243718,-1.5190315474673297,-1.553174615875866,-1.553689914847322,-1.558215270760071,-1.4833726242041771,-0.5302441030196021,-1.543935621297073,-1.6046410883614979,-1.6238660468678192,-0.4838696033877,-1.4123323039813083,-1.014588687918584,-1.2878791981802786,-1.5714114931390877,-1.2034096031401913,-0.8623112388500134,-0.8057097427349974,-0.42016862060879123,-0.6390380848858109,-1.3980804770115456,-0.5348967836176525,-0.7491681278136184,100,1
30,-0.9722777351984249,-1.4051360628064367,-0.8190618432244967,-1.3257734817835842,-1.3679374113958176,-0.7520653623463689,-1.3365999117200906,-1.3389937196913715,-1.3610760407108888,-1.391110601286371,-1.2933808638536495,-0.2753876810208505,-1.2881026229138959,-1.3449072185374458,-1.3832831840985764,-0.2516339887943198,-1.195521197788105,-0.680391668040318,-0.9955562701993974,-1.3138310208200983,-0.858943051570796,-0.6617909513124601,-0.5607694319341192,-0.12789397815931275,-0.34510978293342515,-1.1537323951217708,-0.24918481503320913,-0.4692772379348915,100,1
31,-0.699853629419159,-1.115400877642323,-0.5273399814145041,-1.0521319552104913,-1.059174367787557,-0.39797147340492317,-1.069397429990062,-1.0447210671994767,-1.0839182212137086,-1.1358461159542963,-1.0211472263007284,0.01589177690059403,-0.9591843267885587,-1.0129979337999264,-1.0650138910585545,0.015234584769110306,-0.9024040447629215,-0.3175869356850695,-0.6482748113893838,-0.9845558102179938,-0.48942953903877856,-0.40709901199494575,-0.2657877560378949,0.19155173984218182,-0.0138864387495183,-0.8366391379181743,0.07144766573265691,-0.1445226051990565,100,1
32,-0.3770447992416249,-0.7677761039367891,-0.19366453410635215,-0.7183449831504333,-0.7004608968576272,-0.032038677708718426,-0.7383777745812405,-0.6969429806995323,-0.7457847020163768,-0.8124498604978844,-0.6877995548540069,0.3272256706964258,-0.5907074020163597,-0.6435432081157302,-0.701228782669147,0.30251773824683414,-0.5575919001339732,0.043163408953090995,-0.2788706451407648,-0.6175313164562536,-0.13000420901316875,-0.11051051768642295,0.06374941843504138,0.5203999699616594,0.3355547838588781,-0.47503116393404243,0.40917213416052206,0.20569247394356888,100,1
33,-0.02565162262873433,-0.39679435451923695,0.1609030905452103,-0.3553134546663061,-0.3277398044144167,0.3168252600115781,-0.3734012739959581,-0.32886671328911743,-0.3785237747815009,-0.45005216366608064,-0.3220866816747198,0.6405577260332314,-0.2202791263750081,-0.27415054331677896,-0.32881013917990576,0.5942735260299111,-0.19148279819310904,0.37415248198495704,0.08029471575742032,-0.24982598694403085,0.1903880270782855,0.21221127680224536,0.4091037812954116,0.8395415886375389,0.6825968199803408,-0.10286308305650231,0.7445701439228678,0.5600833622689451,100,1
34,0.32987376499045146,-0.037029881789003606,0.5128390642539296,0.004550613464243129,0.02500354426928065,0.6252285922751417,-0.00719113547690354,0.02637545820427952,-0.015587013189416478,-0.08139458605613555,0.044485988135033926,0.9377108346197732,0.11933468208179182,0.06255416510423291,0.01846399271511539,0.8740786021503669,0.1657529828586663,0.6541806916565407,0.40268755214640806,0.08658693382995733,0.45254144010934144,0.5428042418272752,0.7500013095498366,1.1300195219710465,1.0066868743655668,0.24827500708533273,1.0580702958510175,0.8973236302051824,100,1
35,0.665632232884586,0.28334002900531324,0.8389475832136796,0.3334668144682258,0.3315914159913438,0.877019532939474,0.33108916064354693,0.341605293559543,0.31437848849835454,0.26337843052971466,0.38323456600187067,1.2014097416116205,0.405257159272549,0.3439026558265288,0.31557731498606084,1.1259903243272504,0.4881674665911571,0.8698186986443092,0.6698904679314694,0.36949696946636895,0.6470015408439139,0.8619599270882375,1.0662869162604036,1.3744044963870778,1.2887162910730856,0.5542694923644416,1.3312302847110271,1.1976400162554188,100,1
36,0.9608288056074451,0.5456594390218495,1.119346636377807,0.6116602306955057,0.575895271721625,1.0625827913989725,0.6196730690206154,0.5986075052642342,0.5909453073856525,0.5609154901956636,0.6722871809911612,1.4161204815168302,0.6250889647014922,0.5580629164811244,0.5481164250515468,1.3352371559287233,0.7565127953828236,1.0145031254051966,0.8714786234581836,0.5870448203726706,0.7717982532692975,1.1509142732259867,1.3393229294386138,1.55774385508901,1.512185119746871,0.7996828745762271,1.5477681820940719,1.4438695678622975,100,1
37,1.1990572329463531,0.740591204019179,1.3387376092992622,0.8276112715028675,0.7508042197113834,1.177160915994393,0.8450269175230661,0.7880416285129067,0.802300139567799,0.7962233849139865,0.8976527253723241,1.5686545479850655,0.7748746574176366,0.7018273058081583,0.7106428698357022,1.4887390799636626,0.9590020626870978,1.0866587336323692,1.0032800841491196,0.7356056545274124,0.8296492238946886,1.3926263861541917,1.553036644226224,1.6681412058998848,1.6638300302152516,0.9764565644592051,1.6942569604763,1.6219207274752325,100,1
38,1.36838460630364,0.8657548109567623,1.4863508618873045,0.9762270877150638,0.8555722623823204,1.2195228415732322,1.0004359414881518,0.9072802054195045,0.9435351979143772,0.961723062455106,1.0519812791811398,1.6487458559505865,0.8560086622042358,0.7774920765617009,0.803744233787786,1.5758147211719942,1.0900612378596495,1.0879923199967476,1.0652095202202172,0.8167962941143404,0.8256574921844838,1.572420525445274,1.6944222069095203,1.697425041395367,1.733968797879874,1.0816974095077392,1.7605426518446614,1.7210398444080133,100,1
39,1.4610248860437745,0.9230078081069685,1.555413434137478,1.0565239871503769,0.8931933842735605,1.1910513464061132,1.083854328886325,0.9578142114602952,1.0142855512882982,1.0550716193557952,1.1327703965596416,1.6498117554990757,0.8725969025657878,0.7903156684679729,0.831474263488533,1.5890173524369087,1.1483731432605542,1.0224596367827017,1.059560842262789,0.8350415206169914,0.7659603707630994,1.6786097139767666,1.7538758577569824,1.641792128088287,1.7169842542714642,1.1159641243198217,1.7403056124144616,1.7342866484356567,100,1
40,1.4731730000840488,0.9164153467041595,1.5428284767533034,1.0699832023921318,0.8686018775010855,1.0952773457495713,1.0963857138804334,0.9434509942453853,1.0169447186181193,1.0774721124970248,1.1410683517247773,1.569417962526551,0.830011746300608,0.7468088959711751,0.799608430525858,1.5247967331945298,1.135522199744689,0.8961566831345663,0.9902323145558385,0.796100449446712,0.6573623588270885,1.7032600399978872,1.7258840610544808,1.5020465364662428,1.6117047634495774,1.0821478564443985,1.6317970594867894,1.6590391835708973,100,1
41,1.4049175624302417,0.8511675521263738,1.4490753527818763,1.019703150276086,0.7878321129063879,0.9379463135097097,1.0415045520901833,0.8694895345477278,0.9557134329561454,1.0326429564075297,1.0804929260650047,1.4094153971949162,0.7347787919909431,0.6539874283572783,0.7148731848107905,1.383846748766997,1.0554761581578034,0.717629905830911,0.8627327049604071,0.706577708098861,0.5076667258331008,1.6427648343039316,1.6096142644137494,1.2835657784029402,1.4215983163822008,0.9848713676928551,1.438242131725216,1.4972520984763085,100,1
42,1.2601609206902002,0.7334546051855204,1.2782528772044301,0.9102499562332977,0.6578829041331434,0.727214528066632,0.9246206778540431,0.7424317218946184,0.8364580964969491,0.9261741401127688,0.9566264445012848,1.1766075714870943,0.5945037372947221,0.5193118208087297,0.5846961212891989,1.1715533704650087,0.9144753943635681,0.4972890335332465,0.684288908070641,0.5738160385439852,0.32579407778630437,1.4981184500810145,1.4090103090146835,0.9964176662876858,1.1547526073504937,0.8305485145208614,1.1677834344590587,1.2568090742455604,100,1
43,1.0473713757168777,0.5708563191206705,1.0381262840778072,0.7478880738754161,0.4869316696114121,0.47370643643850774,0.7529954308286467,0.5701138918836416,0.6669046502439477,0.7653334738279959,0.7770856604348775,0.8825625363587594,0.41705878869128277,0.35098875375755295,0.4172536021228402,0.8978358143695027,0.7208531018034369,0.2463518402235552,0.46384902016096347,0.4055949330285152,0.12149632444289356,1.2749859753665382,1.1327689037921678,0.6549519700444859,0.8238204047359897,0.6274691245283054,0.8330970164555793,0.9510589978543236,100,1
44,0.7791327826015181,0.37261032665865956,0.7400578940875245,0.5407724679824283,0.28452717834341834,0.19038105616263096,0.5359380595351908,0.362154053056894,0.456433300244792,0.5591325475308324,0.5518020014470925,0.541239414725709,0.21105942396399668,0.15848007160702154,0.22187224830805524,0.5754389982347049,0.4848047148969371,-0.02282834371037514,0.21259047420647095,0.21045477958503195,-0.0944008291847774,0.9834212144591216,0.7941017533251462,0.2763761964913369,0.44578239596737107,0.3859560514001177,0.4508402955018974,0.5937789565636215,100,1
45,0.4685733396137192,0.14953938720555476,0.3989288359786512,0.29915788042264896,0.06165451237209188,-0.10777597969061364,0.28493292935033826,0.1299650406325785,0.2159778931969465,0.31847170240723033,0.29307027699017735,0.1682609970422612,-0.012640626917633938,-0.04731452117919216,0.009344711368575252,0.21926473635835794,0.21876515210235598,-0.2957586334332331,-0.055767084242180257,-0.0012506414012599155,-0.3096904143175405,0.6375428418522475,0.4099912272477391,-0.11988713587199143,0.04061359203148376,0.11915579616156435,0.04085906685082834,0.1989138921463356,100,1
46,0.12899847303463477,-0.08620480237175951,0.03267683024290113,0.035505598479244734,-0.16927278582501945,-0.4041592552076336,0.013660490856368633,-0.11369862954843538,-0.04155011943716093,0.05626232903811745,0.015303728115747636,-0.2177858932585848,-0.2409831348940915,-0.2544549286679129,-0.20823004411322935,-0.15279782738214565,-0.062292915270793524,-0.5561361779848448,-0.3258958122626761,-0.21723634527012584,-0.5113455461478187,0.2553639235809407,0.00038002668452605335,-0.5122907971003832,-0.37023793542903977,-0.15725956304986816,-0.37497113096214146,-0.2146344071214205,100,1
47,-0.22277247907657394,-0.3214789588376006,-0.3387885281963341,-0.23568381552798837,-0.39475537251047066,-0.6813866738850599,-0.2623892367465714,-0.3549354362502141,-0.30142402211980107,-0.21277650486603275,-0.26567894017445065,-0.5957161025381663,-0.4599964277422442,-0.4506105594682433,-0.4180152760731882,-0.5204546373302732,-0.34195059999250227,-0.7873984717390745,-0.5821280852700484,-0.42437639153951157,-0.6865456586072093,-0.14233045339175132,-0.41278030419318684,-0.8784516160894444,-0.7644718990518576,-0.4270204710026673,-0.7738426004554093,-0.623258745667859,100,1
48,-0.5664895507227558,-0.5426147169218474,-0.6947077628080593,-0.4985687890980988,-0.6010397650588987,-0.9229237702227489,-0.5271013774238918,-0.5793440164362227,-0.5482717615303769,-0.47297620297709886,-0.533671479077254,-0.943375404820568,-0.6560055792089721,-0.6237694943753197,-0.6071874301280368,-0.8625846881534089,-0.6038827967525203,-0.9743345981576719,-0.8092283087571835,-0.6098078011453315,-0.8236819732869449,-0.533773523909478,-0.8067050153310171,-1.1967938120840125,-1.119681966532131,-0.6746312857481866,-1.1329784972955885,-1.0019947042967412,100,1
49,-0.8810359576998598,-0.7360192271846002,-1.0145003195049855,-0.7375789412795091,-0.7752227039222171,-1.1143547788328048,-0.7649894067004711,-0.7736647509723523,-0.7672841101277367,-0.708949179968854,-0.7729603639668926,-1.2394314050880573,-0.816401698326789,-0.7628312026900699,-0.7637603696320456,-1.1585852984945104,-0.8327395911806491,-1.104341958373526,-0.9930870876192042,-0.7616673691274586,-0.913261818586872,-0.8972771077713239,-1.1587877607577821,-1.4477713677315567,-1.4145588886974054,-0.8856770369944243,-1.4308144402292065,-1.3268740289556706,100,1
50,-1.1465708242328996,-0.8890566445390494,-1.2789760206894565,-0.9386009228832873,-0.9061049450732955,-1.2435071750589324,-0.9618696335904511,-0.9265078236706911,-0.9450324070621436,-0.9066723684851498,-0.9692050623738023,-1.4650892214372082,-0.9302980052195805,-0.858262016737532,-0.8773795671271403,-1.3898615957298737,-1.0147491436166225,-1.1681719993913062,-1.1215775989412449,-0.8697100144987098,-0.9484244265633898,-1.2120440767710703,-1.4477618588633239,-1.6151395360877534,-1.6303500635343546,-1.0472872394206252,-1.648541824943493,-1.5768998330123645,100,1
51,-1.3462808086991949,-0.9911985095903649,-1.4715994505223031,-1.0891051148972914,-0.9845589047455041,-1.3006260318435283,-1.1054434217863784,-1.027825756652573,-1.0701273125440673,-1.0540904652515632,-1.1103754805570862,-1.6053502388249805,-0.9892766183541483,-0.9028091807038326,-0.9398906399197406,-1.5412839538144265,-1.1384326881073665,-1.1601303212833658,-1.1852343865869668,-0.9258770112297132,-0.9250715568065244,-1.4591601728847465,-1.6552719474171744,-1.687249586653492,-1.7525157653816077,-1.1488255977791089,-1.7715959961303567,-1.7355072740680446,100,1
52,-1.4673401997360918,-1.0347436191667825,-1.579557525503627,-1.1784623745215246,-1.0037949341664025,-1.2790842786538044,-1.185980757874065,-1.0693908908054692,-1.1336930841565398,-1.1411063121168963,-1.186999737410339,-1.6498819535200753,-0.98787797443388,-0.8918076684958256,-0.9456573197203849,-1.6020330564300804,-1.1951101086210407,-1.0783349470308146,-1.1776538730678867,-0.9248961130691233,-0.8421950609316722,-1.6226821564035565,-1.7673142861303603,-1.6576058781569545,-1.7715646505373066,-1.1822034484580206,-1.7903028506990086,-1.7912301761616747,100,1
53,-1.5012673710762336,-1.0147933248798104,-1.5942164922144277,-1.1985832215496022,-0.9598181984573692,-1.1763027924817262,-1.1966019261695904,-1.0460515671502877,-1.1296533501353032,-1.16003161296575,-1.192209342609718,-1.593450894766398,-0.9238328809345397,-0.8233705502767316,-0.8917585352083806,-1.5659161860783477,-1.1790395542358512,-0.9251504651250089,-1.0957926294191898,-0.864541260488594,-0.7018614756607624,-1.6908260865100204,-1.7749908896664364,-1.5253611819093085,-1.6833731774798428,-1.142274067630632,-1.700535287738015,-1.7382217213169469,100,1
54,-1.4441100048077635,-0.9294470273763001,-1.5113709277174312,-1.1445484832840906,-0.8519690787070661,-0.9946916230096629,-1.1334892890558077,-0.956291160434151,-1.0552362438287888,-1.1067412087385298,-1.1225636978162299,-1.4368844950963335,-0.798108926611426,-0.6985758724351907,-0.7782836695543134,-1.4318911214320005,-1.0877685924937364,-0.7067213435812641,-0.9403079255991776,-0.745537550071335,-0.5087953661476928,-1.6568944970021835,-1.6749578250813237,-1.2980509198459391,-1.4914768203224282,-1.0278805952860268,-1.5061039992770997,-1.5777980259309183,100,1
55,-1.2967715640271877,-0.7804302986645877,-1.3327362509416691,-1.0153531138779672,-0.6832686866392833,-0.7424123321591446,-0.9964534324363702,-0.8022721441312397,-0.9115506460634828,-0.9812110520389861,-0.9790277800363173,-1.189531781855977,-0.6147621085143661,-0.5214729334051195,-0.6088717900393162,-1.2058879346416873,-0.9229690800243865,-0.4323861490124435,-0.7165009705346913,-0.5717499939458023,-0.2708381842131811,-1.5204247506424016,-1.471709829679962,-0.9944137189701462,-1.2109468148321654,-0.8423298733271591,-1.2222156486872424,-1.3215019994557609,100,1
56,-1.0661379566271316,-0.5732268583785265,-1.0689143621869077,-0.8146806205963476,-0.4603724628496947,-0.4338052061548232,-0.7901108880691053,-0.5897900523822098,-0.7037216926617449,-0.7876288251569629,-0.7672975654696813,-0.8719153224781726,-0.38083979183638605,-0.29929566154082254,-0.3907387560658218,-0.9037280470585874,-0.6910407514423421,-0.11517746841249002,-0.43503029986532527,-0.35038074084917326,0.0006833053352792979,-1.289195490519507,-1.1816058390474877,-0.6427606953188385,-0.8688811786486417,-0.5930749940947223,-0.8773680417211297,-0.9934341241919878,100,1
57,-0.7667272215994005,-0.31680968096146483,-0.7412738198029246,-0.5515294379987677,-0.1933131824248182,-0.08891071762950777,-0.5245663038908654,-0.32835108701060245,-0.4407894792180922,-0.5346412847155434,-0.49737366073686445,-0.5143476356541857,-0.10662120072352935,-0.04248283720319668,-0.13384199936684396,-0.5517164004430638,-0.40289968118212205,0.22799252430896544,-0.11129217408800073,-0.09168788966060985,0.29183655880905807,-0.9815182787492516,-0.8341772836593652,-0.2761822377363015,-0.49966418100597093,-0.29187970681583914,-0.509066134060791,-0.6278839938701151,100,1
58,-0.42096336630095504,-0.023398921556281947,-0.3796216118907844,-0.24030830764421235,0.10484670134567033,0.2686370978219652,-0.21394675634210567,-0.03103663408741687,-0.1357607149550015,-0.2350409584513331,-0.1828546884070858,-0.1498411988414987,0.19428905752132372,0.23593205639296078,0.1495363532404405,-0.18204551171350697,-0.07346283550315659,0.577525787377586,0.23580632536519913,0.19151960480751348,0.5869607781459167,-0.6266603074845912,-0.4665851459007967,0.07309177306854518,-0.13835042371417677,0.04526311730138603,-0.15315012428448643,-0.2621153101225989,100,1
59,-0.05659056978905802,0.291906488325225,-0.01624802096815562,0.09995950183591937,0.4186018608056471,0.614802655456303,0.12490597573741531,0.2862254527992387,0.19479914148913213,0.09519987304633044,0.15955402536202476,0.19256862818708326,0.5056311320342406,0.5211666742329104,0.4447748268759079,0.17398384238472261,0.27899218302255213,0.9129497621040757,0.5852971337192586,0.4844944236272041,0.8693675907839608,-0.259958822936233,-0.11352803971194017,0.37931780204602716,0.185337302586179,0.3993805730865863,0.16353774865939733,0.07158357017366475,100,1
60,0.29796139630800633,0.611922815652803,0.3201910325850728,0.4475494831491427,0.7308928661669724,0.9279272093807539,0.4725367581343554,0.6056342286821609,0.532034420258959,0.4379055006231336,0.510682121708741,0.4903819223047838,0.8097584822525613,0.7975537807021816,0.7356599005144971,0.49071532173273946,0.6341605310763293,1.214562544847713,0.9159515844262215,0.7712336721891302,1.122525372813785,0.0856375310805701,0.19895618768736814,0.6260552304154527,0.45105507904768266,0.7501617809373589,0.4235431367298075,0.3509023844711616,100,1
61,0.6179678918366406,0.9185671949877655,0.6085141134748323,0.7804588195651643,1.0241405878931797,1.190282968524293,0.8081925157611433,0.9086955469391019,0.8562938479539306,0.7736744849844701,0.8502290821610112,0.7285840639708373,1.08906394622576,1.0494937795780879,1.0056959832895456,0.7503350230302506,0.97136294278768,1.4646314529544289,1.2080461975794823,1.0354031505331038,1.3312737161022536,0.3855246922684619,0.4538335405729977,0.8053131512253403,0.6484670586082217,1.0774428914086671,0.6176796791577607,0.5643763270497681,100,1
62,0.8848299696441951,1.194126576732885,0.8358499884070185,1.0784470835301985,1.2812848823228487,1.3883712393324348,1.1118002470200434,1.177575578273871,1.1484842811478706,1.083076529960234,1.1584089955896482,0.8992504261366802,1.3271892265595688,1.2623591294023437,1.239260069221008,0.9427892724983534,1.271001817435812,1.648144292256989,1.4447287251955427,1.26148943678819,1.4825730083871005,0.6249496027437096,0.6422485107711707,0.9151155828315185,0.7751470615227724,1.3623499105269183,0.7435401739324052,0.7091628331352051,100,1
63,1.086426166519201,1.422259899832532,0.996079509806884,1.3243943297803662,1.4867704506702089,1.5125865434907986,1.3654257220285286,1.3962484737979801,1.3913633944425987,1.3480073815163975,1.4172409590625947,0.9998595001857286,1.509737221381905,1.4231316878531337,1.4223116740375668,1.0639481984607035,1.515662628161394,1.7533612097917168,1.6126116160184676,1.4355939785834024,1.5660342973116272,0.7974600574152747,0.7621262522593246,0.9572519306543643,0.8337571371963379,1.5881855589664426,0.8032469237810614,0.7877036720346624,100,1
64,1.216131086420607,1.5886579730928345,1.0875133516017712,1.5048498845400358,1.627415622807712,1.5570679239735181,1.5543246959067554,1.5512678313886739,1.5704271876266978,1.552831422611125,1.6113813440414084,1.0315540072555525,1.6247881654376328,1.5209786925452524,1.5428961649978783,1.113596529266155,1.6907837928219773,1.7724143229737561,1.7018381268841107,1.5460384250247112,1.5745978647194572,0.902040789358902,0.8158513676000833,0.9357325875469686,0.829672157472001,1.7410942493521286,0.8015552522288484,0.8049091020603265,100,1
65,1.2714115680704487,1.6817866356417117,1.1111288776404245,1.609998179657332,1.6931055282215643,1.5197653667068975,1.6673434042654112,1.6322408877129235,1.6744466491124095,1.6849368245139191,1.728656757346781,0.9977140972656843,1.6635796143373796,1.548004464786219,1.5918407773828396,1.0941203665495731,1.7851566091883058,1.7019128880718692,1.7062107017646024,1.5841984226762726,1.5052292174662325,0.9407876086360849,0.808294353614284,0.8559151462132369,0.76949325934609,1.8106582267156546,0.7446371018189973,0.7666382733567231,100,1
66,1.2528159522714,1.6938606994121064,1.0696397449857182,1.6337142721339317,1.6774802698542879,1.402471501817972,1.697143623497315,1.6324454282392222,1.6960372900080418,1.7351594680480869,1.7606570043519647,0.903285960238054,1.6212595605146034,1.5000132703454716,1.5636645644781044,1.0098495268542245,1.791478074681844,1.5433428221877994,1.623626076793377,1.5452593041897902,1.3593216769074197,0.917660183001347,0.745709809130886,0.7242620493086546,0.6604964112671919,1.790674823372841,0.6395381499942336,0.6793936641770907,100,1
67,1.1635416722094023,1.621511593771794,0.9671954633112698,1.5738350356744357,1.5785060227292578,1.2107989598855367,1.6406094567703107,1.5496111188943122,1.6321361037475093,1.6984624543019216,1.703417702563773,0.7551787378405705,1.4973723371717511,1.3769514160975733,1.4572568304918068,0.867725650089539,1.7069467188724934,1.3040970129708045,1.4565096165534075,1.4286957976239256,1.14274326952085,0.8377956870414639,0.6352606907651043,0.5485484127785348,0.5105887097659104,1.6796764110256102,0.4943799956850886,0.5500511434234946,100,1
68,1.0094239268514231,1.465935574162136,0.8095946108135191,1.4323527672518033,1.3986899098081829,0.9540346971550835,1.4990870721639704,1.3862641338309691,1.484199460732689,1.574447283566136,1.5577682945444373,0.5625926155904848,1.2960231646238185,1.182975586727314,1.2759408710122735,0.6773976435965041,1.53365676959247,0.9971124944977541,1.2116385046147384,1.2384145723614666,0.8655285885300283,0.7072122073436565,0.4849614588699174,0.33814089423522037,0.32845619967774187,1.4810085940729498,0.31850720410140076,0.38563114041433477,100,1
69,0.7989283519675352,1.2337822681751756,0.6046710084860627,1.2155433090991796,1.1450614412858073,0.6447890174297212,1.2783833047795856,1.1500415296131172,1.25819975418694,1.3674349294126467,1.3293348715458628,0.3359409199326076,1.025681257237678,0.9263273283325852,1.0271941011132402,0.4484684343634365,1.2794950747553506,0.6366051866269337,0.8997973494510719,0.982472401747988,0.5411198356850268,0.5329817561474791,0.30366631462948246,0.10402757171278391,0.1239257123408095,1.2026043178236852,0.12158468803449049,0.19455995164487838,100,1
70,0.5429191579203071,0.9369330683509277,0.3624532592986253,0.9337774246663699,0.8290018988758318,0.2986038352129401,0.988496562913253,0.8532657219987374,0.9644060389752724,1.0864534714622167,1.0284681708361374,0.0860314881806722,0.6988704200510255,0.6189313959535805,0.7223645202143715,0.19019261337356194,0.9577032183547948,0.23706243489411388,0.5361694714675752,0.672683673648697,0.18547857889837432,0.323928029699128,0.10085877473023336,-0.14134140969137335,-0.09186867597924582,0.8569230514768427,-0.08677646862121009,-0.01248413544888544,100,1
71,0.2545352033108581,0.5890944507523364,0.09514014636104945,0.6007342719477701,0.4658845436774572,-0.06635075052762753,0.6434120371694189,0.5110233834404525,0.6170660585179853,0.7450924368700282,0.6699993313365288,-0.17478820967043698,0.33224499323863843,0.2758595196317437,0.3763769198566304,-0.08491619672627287,0.58322848712053,-0.18263298097953687,0.1401470250129256,0.3243457129276834,-0.18324784104101186,0.0912417791524739,-0.11286212850028941,-0.3842271345937824,-0.3067889968944713,0.4612214572749824,-0.2958538121855116,-0.22364305600476603,100,1
72,-0.05091327698276295,0.205258072066958,-0.18303877748075878,0.2330526269490527,0.07431576887803178,-0.430027474034481,0.2610611616505904,0.14027230471024094,0.23419090858661298,0.3608919964609266,0.2724379814932325,-0.4317644273928728,-0.05424483382696961,-0.08526858772984298,0.007091083231517536,-0.3604339532960831,0.172218294304316,-0.5986094496241754,-0.26642172150949184,-0.04432684595855162,-0.5450250707200079,-0.1518569779893831,-0.3253172122833464,-0.6101576621623298,-0.5081670573044257,0.03666051645764511,-0.4931531305306409,-0.42663534071841686,100,1
73,-0.3565516444316233,-0.19547409143623928,-0.45635399289449075,-0.14977802000588986,-0.32494427664731806,-0.7718031635345708,-0.13767787739977136,-0.24017965107111408,-0.16335460722161443,-0.04576527670347634,-0.14328498387440333,-0.6690078996451952,-0.4397867614433461,-0.44518825111244287,-0.3657781393553474,-0.6190330300986809,-0.25499713219538817,-0.985323876033608,-0.6610273860540242,-0.4131842589108832,-0.8791736757325507,-0.3912413284876319,-0.5236332823517067,-0.8049956936175442,-0.6834927674774821,-0.39385915564642265,-0.6654738713696547,-0.6090740117351807,100,1
74,-0.6450608579364582,-0.5903668345725763,-0.7085928899498314,-0.52651646624931,-0.7100267988185878,-1.071778492430354,-0.5309001435259043,-0.6101842555333223,-0.5536833414621796,-0.4529598374069537,-0.5549207386587864,-0.871398377201653,-0.8039749334404241,-0.7840427764908792,-0.7218213464039588,-0.8445192862574409,-0.6744096209202467,-1.3185577502042674,-1.021569554549073,-0.7614441122800251,-1.165947345061117,-0.6129193477769107,-0.6954128886600053,-0.9560972039426365,-0.8213531208143998,-0.8071074624921936,-0.8006631765550483,-0.7592599521387898,100,1
75,-0.8997621625600557,-0.955736416869356,-0.9244411984859067,-0.8756545882971473,-1.0591022665862093,-1.3119524350798633,-0.8970543664445614,-0.9487297378268971,-0.9153113150975333,-0.83830149853524,-0.9397185557636037,-1.0257241471902088,-1.1265722591287122,-1.082342953958225,-1.0408994838728856,-1.0225802919952327,-1.0611049119390632,-1.577315742052721,-1.3272031601065561,-1.0692619315337513,-1.3876884099893128,-0.8037109445814781,-0.8293780177728458,-1.0531188322327314,-0.9122394208045486,-1.1800213872589207,-0.8888874256552528,-0.8669889778491962,100,1
76,-1.105514556187282,-1.2691567540170121,-1.0906228731797272,-1.1767092385999822,-1.3516432537645546,-1.4772933161231359,-1.2155908640646171,-1.2352173542744267,-1.2277628055221952,-1.179758035643965,-1.2753886663845742,-1.1212365889387117,-1.3881911007376142,-1.3219732808427545,-1.3040889623108713,-1.1417425559764076,-1.3914139999845099,-1.7450879692984693,-1.5592871042248848,-1.3187836778233686,-1.529928433999481,-0.951720638147106,-0.9159654266369434,-1.0883492038858757,-0.9490318742782926,-1.490599871853382,-0.9232630843681706,-0.9242006466949375,100,1
77,-1.2496602276769568,-1.5112054567847013,-1.1962191719041306,-1.4113860203021602,-1.5695145235315162,-1.5565305869046369,-1.4676304328568255,-1.4513482911678461,-1.472334421131035,-1.456854808497302,-1.5414498394573641,-1.1501519149785788,-1.5719598325361124,-1.487455493439002,-1.4948487666170216,-1.193368738618759,-1.6445680680296306,-1.8105707988166506,-1.7025304433478243,-1.494557113370242,-1.5823742555781122,-1.046684853044135,-0.9480435263879751,-1.0570475564896415,-0.9274032048851034,-1.719444291967745,-0.9001599844036434,-0.925398922373466,100,1
78,-1.3226688406482279,-1.6665118778229135,-1.2326969851147027,-1.5646256168417374,-1.6979481793299012,-1.5425669417045704,-1.6371294891771027,-1.5828264153233782,-1.633436089082216,-1.652169822046263,-1.7207082600983306,-1.108266543982323,-1.664996022840288,-1.5671444593470358,-1.6002036840776526,-1.1714960241871595,-1.8038414985053541,-1.767513131075796,-1.7459932841694192,-1.584193110378307,-1.5392643569471443,-1.0805365900972552,-0.9213587193059852,-0.9581110320094286,-0.8461946306169599,-1.85115257029896,-0.8192426798310616,-0.8676295654760826,100,1
79,-1.3181981641161027,-1.7242123239110683,-1.1943919264477827,-1.6255540300565532,-1.7265702146450315,-1.433014219797909,-1.7121724185807197,-1.620242204844704,-1.6997596399310393,-1.7524783824902048,-1.800436396905739,-0.9953180021872525,-1.6592101796145633,-1.5538076448391862,-1.6114762206565765,-1.0741604942849123,-1.8574551412644917,-1.6160139810551917,-1.6839623748416015,-1.5793406911432721,-1.4001459086660502,-1.0481538847110663,-0.8347399426909955,-0.7942572691782998,-0.707293751450322,-1.875153906851265,-0.6825514171324886,-0.7505493306540493,100,1
80,-1.2333439240114996,-1.6781815437361396,-1.0793984718779006,-1.5879900856296474,-1.650497022363853,-1.2318554566290176,-1.6858284823983927,-1.5589458156130716,-1.6648785290206713,-1.7494195536871882,-1.7732603290242084,-0.8147488570540286,-1.5519090870647558,-1.4449423924194438,-1.5247283883054565,-0.9042749345865785,-1.7995909916458956,-1.3667683513426847,-1.517824516539548,-1.4767759747166291,-1.1719727900574741,-0.9478319503523303,-0.6900359333612197,-0.5715084969991582,-0.5153941808098015,-1.7869772482029203,-0.4936848549999046,-0.5772316682755071,100,1
81,-1.0694879658079852,-1.5282903840557855,-0.8904876827519541,-1.4512476191158863,-1.4720936646652216,-0.9521953445202499,-1.5569660886670753,-1.399888920109363,-1.5281615059834635,-1.640315829831877,-1.638285670303655,-0.5732041760380961,-1.347394858566533,-1.2441810071579429,-1.3421566685440907,-0.6688457754985349,-1.632200136656886,-1.0436035389117944,-1.2591922472633827,-1.2800521947139452,-0.8707903022884806,-0.7816349096005103,-0.4918623251614952,-0.29936283960502713,-0.2782943994970196,-1.5909573107206532,-0.2592383462020656,-0.3545181912196933,100,1
82,-0.833296994331259,-1.283493469672366,-0.6357170331181727,-1.2224281478068753,-1.2038436436081896,-0.6169561505570561,-1.332113383733188,-1.1521232587305197,-1.2968971311217623,-1.4303834347051574,-1.4036289574083691,-0.2807980014768072,-1.0597017502087394,-0.9646601746404507,-1.0748108726738783,-0.37847566834370505,-1.367990378988432,-0.6800198425586611,-0.9317657223516349,-1.0016450479129422,-0.5211898974170198,-0.5557640026889635,-0.24800681574564185,0.00874355900158616,-0.00703529276754349,-1.3031096884550695,0.009894322140742847,-0.09239658550238164,100,1
83,-0.5374661318828285,-0.9647947877188424,-0.3288613146113764,-0.9190445244081059,-0.8707846367656508,-0.25495129051604853,-1.0283490887931745,-0.8346691273625807,-0.9890723503524421,-1.135907265047618,-1.0893231694647982,0.047715920401990845,-0.7142451401765203,-0.6298988784349243,-0.7442089000398731,-0.047969590010416466,-1.032464759797286,-0.3123467583197436,-0.5687666710650864,-0.6638984441057434,-0.15317353547609255,-0.28052463252362997,0.030168934115231333,0.3361044911093215,0.28459793955054274,-0.9521446929075887,0.29952660989857244,0.1964707525982323,100,1
84,-0.2005350275212513,-0.6038065350857645,0.010935516802069042,-0.5685774925894529,-0.5073531773237818,0.10450690255711996,-0.674118168714302,-0.4753617951198198,-0.633669001755789,-0.7849568158993412,-0.7266633508230878,0.39302976354278507,-0.34470850882420856,-0.2682233801192091,-0.38004354685100755,0.30393546578754965,-0.6614867544283259,0.026829399433001538,-0.20582066261727788,-0.2965452485715426,0.2029245699473042,0.030083037584800694,0.3283311692529712,0.6640809255638805,0.5809112886641956,-0.5766918246506993,0.5935531737023912,0.49713655008131596,100,1
85,0.15480780192061672,-0.23556735124056177,0.36121273035559665,-0.203422697985163,-0.14765598901309085,0.43543850067400147,-0.30460202032173894,-0.10628715948136176,-0.26547159682352905,-0.4129380993620919,-0.3523948658529505,0.733662291098999,0.014594605699715487,0.09236849330132688,-0.014607780401524868,0.6563240119605804,-0.29371848814766294,0.31376996251870354,0.12649195335290944,0.06877520313019475,0.5214137166296812,0.35902318354712276,0.6302196317987903,0.973479414318195,0.8653739547795714,-0.21663836042127074,0.875183336422783,0.7931894315303616,100,1
86,0.5045233088602,0.10876648492923731,0.698989229175528,0.14569691755274333,0.181158327302592,0.717870207657074,0.04637810653901772,0.24219728240522168,0.08277668650070497,-0.05486275023913324,-0.0008841670647621258,1.0486059993567183,0.3356653069782988,0.42575677958496905,0.32301003847450377,0.9879447655101564,0.03807277730630782,0.5354700404411216,0.4066526965264319,0.40413302375931487,0.7839784274070142,0.6873821810890066,0.918695766858917,1.2459059320065078,1.1216338077635197,0.09695023248582352,1.1281863727479635,1.067754880100225,100,1
87,0.8259869384537757,0.40556839914016873,1.0031954044951104,0.4544075686562718,0.45928621294423644,0.9388656497180168,0.3526802707920774,0.5460971510513293,0.3858117460957261,0.26120729418255995,0.301809425007564,1.3189891848234374,0.5997811745102137,0.7103805509589103,0.61077622557881,1.2789028638415778,0.3120548930645489,0.6878492466762248,0.6228745256510781,0.6887171603041784,0.9797233311991759,0.9958389049172107,1.1768615056297542,1.4649470827135205,1.3343965961213822,0.3460955074191326,1.3376536475897252,1.3046051326567576,100,1
88,1.0999961022762494,0.6400873973037932,1.2563214586671603,0.706632792506116,0.674328402899908,1.0914716863388287,0.5980008812515083,0.7895983726471478,0.6277543816930702,0.5170750256262809,0.5401248619879964,1.5289906012730476,0.7970173916586248,0.9315836761188537,0.8348246670876114,1.5121277526894132,0.517701720043119,0.7724710485193234,0.7712522578167048,0.9094322643288812,1.1035152445701362,1.2660551754310787,1.3891741275441756,1.6169529233475382,1.490253740245097,0.5245379895882216,1.49054609535179,1.4891574002820183,100,1
89,1.3117515950919183,0.8056675000292648,1.4448676933140554,0.8938887778765909,0.8208965816471195,1.1729514430602972,0.774776654018529,0.9642273132993258,0.8011785129846857,0.7040105521847677,0.7077915581060628,1.6662419728636226,0.9240415433716712,1.081268255510284,0.9882728588658233,1.6739813807823862,0.6532835811805959,0.7938935970798172,0.8529105549519612,1.0595650089400428,1.1541530977168422,1.481819676823837,1.5422507123829503,1.6916577777659059,1.5784439279093185,0.634058080535021,1.576344761842205,1.6090843106010704,100,1
90,1.4508462682522278,0.9014794446949905,1.5591663323942127,1.0130030818922142,0.8986330986722559,1.1835434340382718,0.8817306165690596,1.0667955084692906,0.9045942281038892,0.8204439224171189,0.8049803432341546,1.7220976699240844,0.9817748078974936,1.1564679182811468,1.0692921091611391,1.7544588413823063,0.7224241252412062,0.7581734239928152,0.8718014929113845,1.1369453115448254,1.1333584463525384,1.6297938804095908,1.6254177294101684,1.682833585544453,1.5916044266215978,0.680599140211627,1.5877998136800469,1.655014786009047,100,1
91,1.5108426140592057,0.9303137882420586,1.593318153836606,1.0640774903576065,0.9104848228779175,1.1257686633250892,0.9213670888559073,1.0976909932390886,0.9401079310404986,0.8691728791099211,0.8356280694314776,1.6919780054304066,0.9736578914713215,1.1580717389110775,1.079519155703788,1.7475499450573553,0.7311345617433451,0.6721238676931494,0.8331755439934555,1.1425280345198614,1.04534273824733,1.7000070030926422,1.6314638633946559,1.5887447230212624,1.5264079959739911,0.6715146814430618,1.5216093075561836,1.6214760842989235,100,1
92,1.4891335151849523,0.8969068553117553,1.5452610764775236,1.0493057364884364,0.8615309626560621,1.0041445588408784,0.8981446410657766,1.0599358374426178,0.9119706670440282,0.8551869134508447,0.8056777808949929,1.5756165044954669,0.9046433577585397,1.0898710099065687,1.0229462025636105,1.6515589921347547,0.6861396889482362,0.5430997331457365,0.7426721613140823,1.0796796047308252,0.8971254995954165,1.686450464530379,1.557355591427205,1.4122967330978449,1.3838803797739307,0.6142644797589897,1.378744789414455,1.5073918812334395,100,1
93,1.3870175332630166,0.8070663072769221,1.4168752769962432,0.9724517596891364,0.7585618806524103,0.8252604515368062,0.8176688121385276,0.9586409234910266,0.8258777768385395,0.7845933770189585,0.7220262042910871,1.3771511300060801,0.7815774597544874,0.9579539738415008,0.9054366392012283,1.4692622205750705,0.5944660995656516,0.379166932894007,0.6064051085906612,0.9539104958522715,0.6984432332341584,1.5876444593119794,1.404454143197579,1.1610051185397854,1.1700719240133786,0.5160897704097157,1.1652068683579968,1.3161288587361455,100,1
94,1.209676921954631,0.6676859631058321,1.2139608246095697,0.8388561116524914,0.6098349491044566,0.5980092964262339,0.6865963543014948,0.8007974597269356,0.6887502062721057,0.6643426543990151,0.5921764417422807,1.1051122792497035,0.613270458734701,0.7705301004011671,0.7347323669574375,1.20793706619664,0.46359660361426663,0.18926035709680927,0.4318049956675719,0.7727834522291862,0.4596982888409789,1.4067830856261114,1.1792957737979575,0.8467782230259222,0.8959399633871455,0.38397715914574254,0.8915460081769402,1.0554001029070263,100,1
95,0.9661090010645381,0.4871798389471084,0.9460915610761406,0.655719248319355,0.4239109363939802,0.33371523237059897,0.512740074820234,0.5954006255014291,0.5088673305174439,0.5023325975880217,0.4245012747214511,0.7722811441095704,0.40834486437757556,0.5380060935338653,0.5204750458724462,0.8794743268692082,0.3017043306574498,-0.016607017913935797,0.22834727225946602,0.5460072176992327,0.19161924085297194,1.1514669029125975,0.8934924325117776,0.4854630740769033,0.5745845831251187,0.22513981182369663,0.5698395752731539,0.7370479208377716,100,1
96,0.6688942943303812,0.2755647215141724,0.6264384147832686,0.4322965600217663,0.20973967184072434,0.045972811461706536,0.3053994369858719,0.3534949515480563,0.29616278979150357,0.30776305332281456,0.22859611833363375,0.3953072035690612,0.17542248317200446,0.27310094814826297,0.27417532343042633,0.500397669330216,0.11791715250935056,-0.22705885570689846,0.007389255751080451,0.285566063617939,-0.09251582615867969,0.8334576707514965,0.5606087111155207,0.09603268092734267,0.21986360777357758,0.04816963618496506,0.21370890635925768,0.3767444429722575,100,1
97,0.33368549978036044,0.044302784625996336,0.2715069811628371,0.1799638560565536,-0.02159167863324544,-0.24974171866897513,0.07592321084410766,0.08798030244180913,0.062333163701438446,0.09150481884538167,0.015452674822667547,-0.006109606122046799,-0.07383217741624613,-0.009341627168972577,0.009248734357536714,0.09078587758505062,-0.07743340685777034,-0.42961996130439944,-0.21855171265170498,0.005562272365756892,-0.3764867759914422,0.46880826753942967,0.19494830401606866,-0.30071667917910855,-0.15151606399942572,-0.1363933104439577,-0.15897414834782922,-0.006714050963712737,100,1
98,-0.021534069578282113,-0.19372805252064682,-0.09949839749403709,-0.08784384915520765,-0.25664587826590246,-0.5367165164876802,-0.16237300231537397,-0.1866373866145993,-0.17931766115209338,-0.1340714381447451,-0.2027196612953958,-0.4103536103362867,-0.3244629798606882,-0.2931941700139124,-0.25928468544316013,-0.3275008740308715,-0.27293274806751666,-0.611608108408433,-0.4364447755650624,-0.2783507918476083,-0.6427149841212019,0.0773271720432666,-0.1863789876644585,-0.6831753628986275,-0.519283138064673,-0.31679664025719967,-0.5269150085290384,-0.39270749058896565,100,1
99,-0.37734528733640704,-0.42468580882166834,-0.46586893934874235,-0.3561626187566024,-0.4809298717131109,-0.7979770729725546,-0.3952454022362878,-0.45478212435322096,-0.414577495301487,-0.35582484619956517,-0.41308041324864486,-0.7950185122585739,-0.5604913490983481,-0.5622699463506518,-0.5156803102677078,-0.7317747648340406,-0.45669524676304774,-0.7610694886105707,-0.6333144246542842,-0.5497920646508455,-0.8741269050152015,-0.31949199667574457,-0.5629043994792252,-1.0296142118685905,-0.8615711472791312,-0.48144903030309494,-0.8682158163501734,-0.7600156400023788,100,1
100,-0.7138166649010891,-0.6346840405813536,-0.8066520807331173,-0.6094505433497931,-0.6802532859017387,-1.017586717596345,-0.6086941204690833,-0.700812808534714,-0.6295400474381684,-0.5606701864166858,-0.6029013437267808,-1.1379644899609453,-0.7668134778072345,-0.8011255581395931,-0.7445503144455524,-1.0990915988412004,-0.6170820731132048,-0.8675542133276338,-0.7968493401741042,-0.7925503651629651,-1.0557771575379522,-0.7001968132829953,-0.9122908253188743,-1.3194082537056273,-1.1571672469635268,-0.6198993096684662,-1.162189864157028,-1.0876703876308444,100,1
101,-1.0114304677966086,-0.8105702897435257,-1.1017429030560586,-0.8325571974008674,-0.8418863324909015,-1.1819003272278719,-0.7897809860267595,-0.9100104135045295,-0.811356253224249,-0.7361701454555386,-0.7601784776057602,-1.4185065303586466,-0.9301144727594548,-0.9954047188029044,-0.9318073241732656,-1.407548704724314,-0.7434634343332602,-0.9228793523133985,-0.9161526780789936,-0.9915965370946367,-1.1758707405225994,-1.0437518597073974,-1.2125318274480381,-1.5344615866186562,-1.3872886283633366,-0.7230937622540154,-1.3904657433115595,-1.3558875100501961,100,1
102,-1.2521700694797162,-0.940691122769679,-1.333209649907308,-1.0115806330074135,-0.9552094325573721,-1.279971913613549,-0.9270796459680657,-1.0693316990132928,-0.9484616864239107,-0.8710148893254548,-0.8742497719409457,-1.6188164232108464,-1.0393859022949792,-1.132671542638767,-1.0653890073154382,-1.6379046982342294,-0.8270315863652348,-0.921806113027424,-0.9824846697655227,-1.1340806192737534,-1.226020261328856,-1.3300495273517143,-1.4440709201749986,-1.660452991493718,-1.5368646984080796,-0.783598676967067,-1.5381230026262438,-1.547395120550483,100,1
103,-1.4212409286097503,-1.0157870285148767,-1.4866893221183626,-1.134683089913171,-1.012061586756546,-1.303384795260082,-1.0111795047460848,-1.1681208270960801,-1.0311588387324384,-0.9557448594100968,-0.9367565634307319,-1.7257512749857256,-1.0866107028969765,-1.2034906831499668,-1.1359240512904363,-1.7748286151149344,-0.8613049998375056,-0.8623915861558752,-0.9896369968907152,-1.2101012030613676,-1.2011045941093448,-1.5412573688284945,-1.5912621307526085,-1.6877568615110685,-1.595334023521603,-0.7961490375361012,-1.5947739779015389,-1.6488292595059897,100,1
104,-1.508186592504866,-1.0295330268814873,-1.5520459632532744,-1.1925935184315437,-1.00696310378601,-1.2468818484475541,-1.035342732512905,-1.1986401151422676,-1.0525099935693558,-0.9835216632843915,-0.9423155933690939,-1.7315633083345812,-1.0670831304154036,-1.2016455921122293,-1.1372267011043795,-1.8076787904109344,-0.8422362445288889,-0.7457117806344967,-0.9339935215787208,-1.2131421826275761,-1.0997565422840145,-1.6633295908529255,-1.643268554742394,-1.6119232541373605,-1.5570273768083154,-0.7582446629669892,-1.5548651024584683,-1.6516033122346128,100,1
105,-1.5060078872500149,-0.9785845429216563,-1.5231574436965676,-1.178845316919328,-0.9373333317361475,-1.1097271513343396,-0.9957873378466338,-1.1563429758261223,-1.0089060893215354,-0.9504963434113894,-0.8884681822290073,-1.6328443654668623,-0.9793946962769593,-1.1241747798667212,-1.0665810271395582,-1.7314740192494456,-0.7683706429922944,-0.5753153102314305,-0.8149738475505722,-1.140275834066384,-0.9249817947576628,-1.6867935375468266,-1.5945995287485855,-1.4352654489587153,-1.4217416661359183,-0.6700038457045212,-1.4178108229308795,-1.5525033786746163,100,1
106,-1.411181573277108,-0.8628427708762152,-1.3983217637024883,-1.090348610006887,-0.8040010774858142,-0.8968268495312732,-0.8917444812418036,-1.0402849712191402,-0.9002418057894865,-0.8558966348372291,-0.7757176428163202,-1.4325328721648896,-0.8256029329656576,-0.9720663393841437,-0.9251578024008544,-1.5490135297673697,-0.6408787064066706,-0.3573895725334299,-0.6358850804911976,-0.9922923434208946,-0.6840055265976279,-1.6072725338921534,-1.4458863287578894,-1.1701598901442727,-1.196322253216796,-0.53325510625122,-1.1895900855731603,-1.3552654206756372,100,1
107,-1.2259949579683784,-0.6863601583819187,-1.1823631196594608,-0.9282365655330741,-0.6115094305931857,-0.6192786444100618,-0.7259281661527135,-0.8538051760866534,-0.7298095731585676,-0.7021760590478884,-0.6078779991001715,-1.1452129269806253,-0.6113031193520739,-0.7508618195975656,-0.7185639892201622,-1.273982746932675,-0.4634411988407586,-0.10136522500821941,-0.40422624781958366,-0.7750985791764116,-0.38827172916775243,-1.4273009447017004,-1.2059178064734382,-0.8402659036102889,-0.8963815243730996,-0.35158932204131654,-0.8858001414837129,-1.073450027434425,100,1
108,-0.9611283609676372,-0.45710256689401846,-0.8896310915527115,-0.6985045809266952,-0.36792444525653795,-0.2940389299933803,-0.5050196078818725,-0.6049497280451833,-0.5041553437003208,-0.49517744626368465,-0.39194409903728855,-0.7990628488336966,-0.34558116699668356,-0.47080475313902254,-0.4565907080212906,-0.9328161934996175,-0.24277093139310657,0.1802382229701978,-0.13110021504187322,-0.5003396966024201,-0.053551058560224955,-1.1589935281053465,-0.8945510551996675,-0.47705644161327876,-0.5463323107610495,-0.1316221818374112,-0.532495489656459,-0.7319318673674091,100,1
109,-0.63637335401658,-0.18497597952458275,-0.5444255837680683,-0.4123619068951995,-0.0845010476188931,0.057322613238646986,-0.23942120493824992,-0.3063192442759409,-0.23335094846669624,-0.2440985820160612,-0.13762571492001005,-0.4307601451606253,-0.04112191133323138,-0.14658753160531438,-0.1518952018783002,-0.561676720172602,0.01092678973573063,0.47264192022773127,0.16961424377505704,-0.18192661506728566,0.300915923064825,-0.8264340379455073,-0.5414155296335802,-0.11418494153054394,-0.17654652660861814,0.11638427769520375,-0.1618008218844336,-0.3635871307032163,100,1
110,-0.27752793939894715,0.11820102341898688,-0.1763187486992322,-0.08617328073951154,0.2246203603762632,0.41080587574945193,0.057422136562549846,0.0255559807259253,0.06896699461077221,0.038715287528628614,0.14272022384581964,-0.07552991522938352,0.28608341516426594,0.20359554592697152,0.18038600212440978,-0.1981644120130331,0.2845930085010989,0.7597368912881252,0.48194354680249135,0.16520068169971522,0.6540612590002906,-0.46386269980499684,-0.17812600170573667,0.21836028650383582,0.1819991363356746,0.37920202062581326,0.19491277459576656,-0.002208698841355113,100,1
111,0.0877603130824194,0.43714742552585417,0.1854490132911348,0.25967851221788313,0.542986427356079,0.7430138265167827,0.36967232280790485,0.371343249949001,0.3863249305072581,0.33834653187373187,0.43434022828092894,0.23980110187328219,0.6178292362787426,0.5596081627923967,0.5223682107314049,0.1269340981772412,0.5634179379804353,1.0251510439469487,0.788581891348864,0.5223374356090859,0.9848337391899717,-0.106119900176285,0.16753550371545387,0.49888793054985714,0.5029354784006801,0.64197632282811,0.5121796364061819,0.3239353581803895,100,1
112,0.4328085936274367,0.7537845958898686,0.5153245952010794,0.6030760572428874,0.8528131421525361,1.033723333332781,0.6798962674838517,0.7104819655374998,0.700611139056809,0.638381085407373,0.721114170426914,0.49780240767500816,0.9351575630255675,0.9009221122411659,0.8545373194464133,0.39351842956051797,0.8318619845823744,1.253368107778781,1.0719121363213084,0.8676916954885971,1.2738461008117927,0.21954692889229246,0.47255747387645,0.7151603166546534,0.7674559110568911,0.8895624097744359,0.7725716735042417,0.5953102007840395,100,1
113,0.7349916811216619,1.0491757050109576,0.7937704116880825,0.9225397024051809,1.1362443923962682,1.267071695250172,0.9702226457583104,1.022819295315073,0.993492526425753,0.9220359267523531,0.986701678853527,0.6895082825502156,1.2196736612115302,1.2078745533503292,1.157466408996931,0.592089459277998,1.0746006185165025,1.4305100601973078,1.3151243142599596,1.17969086164586,1.5044240384906213,0.4941861381479694,0.7201026149910082,0.8624997597768299,0.9645973153399057,1.1075252616058755,0.9661489205645251,0.8011649187652102,100,1
114,0.9779726175073135,1.3052590601131144,1.0081008614933848,1.1990155721530937,1.3766326531820816,1.4315347536249212,1.2236635992854836,1.290055110200496,1.2476918840925115,1.1730639479336191,1.2155833537899887,0.8126084772522919,1.4545502060442632,1.4627593063654514,1.4131315828290707,0.7212099529726809,1.2774001417959193,1.5448959032964709,1.503189620855111,1.4392018873452803,1.6629907074030925,0.7063262253460855,0.9004430033136592,0.9410244469905338,1.089491264344146,1.2828360014230558,1.088524978940587,0.9375641802214041,100,1
115,1.1515894417608483,1.506293492249946,1.1516600297111208,1.416934709112735,1.5593913517660731,1.5194883581777936,1.4251750357783952,1.4967133872859413,1.4479854120109301,1.3765605727553394,1.3940448036626494,0.8690411364557419,1.6252023440545451,1.6505297445245135,1.605931081782025,0.7841709892206549,1.4277374950603094,1.5877853148137826,1.6237121753142305,1.6305720592717516,1.739502806067229,0.8511240757331079,1.0097550407095957,0.9536757757029163,1.1413825895397036,1.4043383818763366,1.1389790665740929,1.0049464622448216,100,1
116,1.2507225296687268,1.6394391930175014,1.2222837002826297,1.5644351522071658,1.6724603129446256,1.5270302361690944,1.5622430438680612,1.6305230103666466,1.5818715354185102,1.5196570088813721,1.5106630160953092,0.8631986945612086,1.720044325000877,1.7592555342807839,1.7234054779953243,0.7864741868863088,1.515352372186251,1.5541458411166862,1.6677016008392604,1.7420624933335436,1.7281592946088287,0.9283705519276361,1.0484478149300378,0.9051440464295787,1.1223716234846552,1.4632861135590962,1.1193229853603108,1.0062296928599637,100,1
117,1.2742578765868777,1.6950336649245212,1.2206830899216423,1.6332992992381705,1.7069982161366575,1.454007164897439,1.6253326157966796,1.6828380316653695,1.6400686601741319,1.5922203706003761,1.5566614299167105,0.8007587471366568,1.7314577938142874,1.7808576035393153,1.7569300281564062,0.7345540086556616,1.5329713859382907,1.4431895168455433,1.6302364444792679,1.7661787891185574,1.6276586233193955,0.9406988836863996,1.0197874930366444,0.8013797791621434,1.0366866672498651,1.4540566295898558,1.0334593303236523,0.9457116326908501,100,1
118,1.2242076200901186,1.6673624063139514,1.1496054036492296,1.6191304305194456,1.6581842750778133,1.304029312740769,1.608605463937736,1.6492184090822941,1.6171886853713566,1.587650678244387,1.5267796145108952,0.6883359530918549,1.6564113005499412,1.7118884352590744,1.702405561450303,0.6354656519758024,1.4768813363957394,1.2584988839781819,1.5108377832120048,1.699909257317537,1.4412208382353369,0.8924565935439748,0.9290438571793193,0.6497065886637877,0.8912900533327751,1.3746229187536476,0.8882040214201234,0.8293480338663815,100,1
119,1.105235655219414,1.5552919739770437,1.0138726013232693,1.5215925817168592,1.5256786860864942,1.0844581624902334,1.5106483214911806,1.5297101806780036,1.5123769744869262,1.503635259362606,1.4201140069164528,0.533997379505119,1.4966135956986646,1.5538367933726276,1.560506114901103,0.4970550370253742,1.3472542745993588,1.008067844164005,1.3134515429976619,1.5448921996359926,1.1770524681671444,0.7895540306486797,0.7831622502014622,0.45865319947059596,0.6959392018364194,1.2267059022105582,0.6934392563784846,0.6648951450753067,100,1
120,0.9245690204761,1.3623398529401982,0.8207176227305788,1.3445749670712979,1.3138239403290084,0.8062442311492131,1.3347147774551487,1.3290151478110481,1.3294438379228057,1.342475793310403,1.2401885026828827,0.34694241166881423,1.25858043318967,1.3134498815387614,1.3364994343818375,0.3277909087601206,1.1484351944555826,0.7038910581455523,1.0461948156370666,1.3075760288655403,0.8482092021619557,0.6393014971049369,0.5908080132870668,0.2376778973759916,0.4606428272427202,1.0156795322123369,0.45913651012233536,0.46063127679427507,100,1
121,0.6918393253904903,1.0965636528636082,0.5799126153382371,1.0961720493110525,1.031623407621149,0.4834175855814296,1.0884366123389089,1.056527047899833,1.0765391807975593,1.111409172222139,0.9945069098412688,0.13644725646438569,0.95323304918469,1.0023644643975986,1.040133414028902,0.13621028599278298,0.8887699816957572,0.3604738741821013,0.7212182548856789,0.9988716911680692,0.4712079270763772,0.44939271354973787,0.3622913340575399,-0.002277717648819879,0.19548869571800753,0.7503388854450957,0.19463575271177974,0.22597340969874374,100,1
122,0.41890418996887885,0.7704644195483621,0.3036101406247962,0.788362522883396,0.6924357986640695,0.13251797482845315,0.7833631934045865,0.7257593670982464,0.7657017056593631,0.8221176211961281,0.694319293169728,-0.08757970156658162,0.5949741710718258,0.6351899532611733,0.6855672272417694,-0.06857227136745869,0.5799933634524483,-0.005703599180877349,0.35505585169455517,0.633358574665048,0.0650708287427107,0.22857342502348393,0.10946660837092416,-0.24826020948282082,-0.0865323659334356,0.4430344951276299,-0.08796136080271749,-0.026739436788589598,100,1
123,0.11978128389224703,0.4004721392333403,0.0061217575561939965,0.43695165905826083,0.3132798524689112,-0.22787917903546576,0.43467700405014154,0.35351270908570925,0.4128421417535979,0.48813295363655124,0.35473491956358705,-0.31325032151391274,0.20150800095293434,0.22917648497436585,0.2909024313618843,-0.2756071693366111,0.23719788266192945,-0.37553285576593964,-0.03205155416778404,0.22920314761265706,-0.3487858057930702,-0.011471292600279204,-0.15398394293045264,-0.4857491673140508,-0.36919869499256197,0.10967903420038923,-0.37250550490466683,-0.28291145646110905,100,1
124,-0.18959086467226607,0.005905455102259454,-0.29643833128129277,0.06091717198106292,-0.0862685978618288,-0.5780043735735629,0.060818310341699426,-0.04068358083902179,0.037236098074985305,0.12438379313549008,-0.006137538595084563,-0.5269599800864196,-0.20643824739932223,-0.19469099349015698,-0.12286911620406328,-0.47223378747367983,-0.12155180652310035,-0.7280427999251435,-0.41880610984198235,-0.1920408662400834,-0.7474090167977608,-0.2565961473431626,-0.41289074481612015,-0.6998882103332543,-0.6350025928013062,-0.23155122829162766,-0.6408064511455529,-0.5272980340398336,100,1
125,-0.4920791041563144,-0.39209543491535054,-0.5869211551686208,-0.31969838809290546,-0.48505034828913063,-0.8980420640594955,-0.31775406848026083,-0.43538892017647063,-0.34082518082742763,-0.25077826162588346,-0.36939032043022046,-0.7148711885510152,-0.6065594029689019,-0.6128391081256833,-0.5332001443514078,-0.6455553335262195,-0.4768583595112594,-1.0423987412617324,-0.7844857463268915,-0.606986173058963,-1.1078197197627415,-0.49203223758041836,-0.6519384929129208,-0.876811604442568,-0.8671176191200735,-0.5620543041659561,-0.8751380812000326,-0.7450402770628269,100,1
126,-0.7704456784884901,-0.7716125904142186,-0.8483551748100884,-0.6848375233426384,-0.8610695352890305,-1.169185107387855,-0.6800899548367663,-0.8085734392517148,-0.7015582681817568,-0.616196998495168,-0.7161671963908971,-0.8642355642448021,-0.9762577679067649,-1.001255874848882,-0.9172005022719262,-0.7836872796725758,-0.8092496882262454,-1.2994942508355896,-1.1086551334452772,-0.9920905660952257,-1.4083745430557388,-0.7035246326458323,-0.8567045567585069,-1.0046163177417673,-1.0507681786275125,-0.8637194196295154,-1.0599832308650738,-0.9226502191017357,100,1
127,-1.0083576272353325,-1.1109983753159425,-1.0650638020963172,-1.0140377280951778,-1.1924944861921187,-1.3746635430691776,-1.0057976282078152,-1.1387676173557693,-1.0252676158539098,-0.9502771685712811,-1.0271446254570868,-0.9644013137068665,-1.2936753997203942,-1.3369187971737564,-1.2527317369690405,-0.8765299717811746,-1.0997254346994163,-1.4833886093940025,-1.3716653587594871,-1.3249300755210796,-1.6302100590950503,-0.8780630861673457,-1.0143039791790625,-1.0740585274989434,-1.1740097546186519,-1.1193513977782805,-1.182927774908275,-1.0487137533502218,100,1
128,-1.1913775301621734,-1.3899651442415313,-1.2233505239616076,-1.2873041419477458,-1.4590390639816329,-1.5008903669279834,-1.275988099834091,-1.4061593039605904,-1.292807755732613,-1.23267604876354,-1.2833251963651462,-1.007501426080455,-1.5391194763951541,-1.5991162749480454,-1.5195207196454414,-0.9166345927191754,-1.3306404954717324,-1.5822623365424,-1.5564366281951971,-1.585429810116277,-1.7591043420643715,-1.0043510108011064,-1.1141560257017344,-1.0789692668269995,-1.2281421629323284,-1.3134205123998517,-1.2350748469939175,-1.1139618851514457,100,1
129,-1.3078396532301184,-1.590895124575813,-1.3121460052220126,-1.4871082528402946,-1.6434882144942478,-1.5383642618951667,-1.4743004650392548,-1.5939307955356838,-1.4871731651612163,-1.4455594029443832,-1.4678793430502513,-0.9888025711633804,-1.6967443256840233,-1.7707794727893822,-1.7004469098893065,-0.8999444213713019,-1.4869559172753544,-1.5877379341381976,-1.6500987503583855,-1.7569262172535707,-1.786096593996357,-1.0731001718143514,-1.1484083026864875,-1.0165492283966922,-1.2077751070065512,-1.4330088275317783,-1.2112063263736355,-1.111525596807908,100,1
130,-1.3490618226850508,-1.700174999971632,-1.3236089697821138,-1.599921090224406,-1.7330200597358731,-1.4821013388217534,-1.5878105317364046,-1.6893683528081236,-1.5950867907109063,-1.574799042282626,-1.5678571729131328,-0.907027590037183,-1.7556716059849162,-1.839559669160618,-1.7828413422435485,-0.825767662431446,-1.557396010795484,-1.4952891020443533,-1.6447083679635177,-1.8270744299696247,-1.7064428236220575,-1.0776061317590802,-1.112119735872977,-0.8877306293546666,-1.111094254279678,-1.46864760103965,-1.1102554818590906,-1.0380005247709476,100,1
131,-1.3096599048375352,-1.7090272902377102,-1.2535846893970208,-1.6168118394806774,-1.719738447349032,-1.3323091654066628,-1.6077842831434344,-1.6845264642080882,-1.6079720798307853,-1.6108350961661442,-1.5750750879759583,-0.7637657293259617,-1.7099024076528815,-1.7987124496562354,-1.7593540825498566,-0.6957812054281098,-1.5350907215643532,-1.3075927067638207,-1.5376779129642273,-1.7887510577737313,-1.521767456079457,-1.0144257288378646,-1.0039114512115628,-0.6969255658116498,-0.9404827238231117,-1.4149782520063519,-0.9356850870001178,-0.8942094987088967,100,1
132,-1.1885538748502291,-1.6140439024381548,-1.1023251465082853,-1.5338428847268628,-1.6012597544495721,-1.0962518563204593,-1.530256604247149,-1.5770624501385495,-1.5223065078869251,-1.5490484033095206,-1.486194846641456,-0.5627348338512477,-1.5593741468222055,-1.6484944255770242,-1.6288539208460666,-0.5133019058017589,-1.4179437063680986,-1.0371800286821262,-1.3333968724504592,-1.641764086759206,-1.245601785301453,-0.8837383141989976,-0.8265725645524172,-0.4514536686968587,-0.7029092751005066,-1.271225530511223,-0.6948349088224425,-0.6850572959702887,100,1
133,-0.9898339686740585,-1.4189258180092506,-0.8754604340111919,-1.3535225698474584,-1.3832764065775458,-0.7903038612372101,-1.3569468997597747,-1.3720365511440156,-1.340615076349923,-1.3904949879423676,-1.303685011156541,-0.3112513597480526,-1.3131446074732682,-1.399151221494971,-1.398902526833925,-0.284348313048335,-1.2100045108095516,-0.7059278389220857,-1.0461960377235715,-1.3959862862026429,-0.9047652377826703,-0.6894940493523934,-0.5869582364551246,-0.16211643982057122,-0.40990966976575255,-1.0423837836724485,-0.39873790183830526,-0.4194450015267892,100,1
134,-0.723271712690566,-1.1375771245322774,-0.5849343705333014,-1.0874523412026829,-1.0829656226124023,-0.4395061473546125,-1.0974251246893618,-1.0845051860944408,-1.0738571234304963,-1.1438944359449832,-1.0381596226835248,-0.021599559245246733,-0.9919550671687797,-1.0736383918176056,-1.0887751614555168,-0.01899221441900485,-0.9249032439785165,-0.3426204151335356,-0.7017335367347187,-1.0738663599265932,-0.53433333891491,-0.43962240980135003,-0.296033456340969,0.1562337238419168,-0.07738293683405535,-0.7418828797276741,-0.06301232354489454,-0.11033577953702454,100,1
135,-0.4046410661990167,-0.7954290129063709,-0.24933774348585566,-0.7579197310602283,-0.7291878715450162,-0.07369411831959757,-0.7715594897471898,-0.7403601602609722,-0.7433355042562415,-0.8277220183221107,-0.7097935479701389,0.2901272449697353,-0.6275566415104848,-0.7059388037532072,-0.7289969101147337,0.2690990785905274,-0.5868596154981985,0.021193162150528955,-0.33315806874931536,-0.7088635447891344,-0.17031875667473184,-0.14610570000085807,0.031019130863374267,0.48576783737484514,0.27523192168981864,-0.3925472456513742,0.29248421470565755,0.22581788735510397,100,1
136,-0.055082132878665785,-0.4260330959234735,0.10766620844083759,-0.39549535845960715,-0.35745192422912825,0.27788178573604155,-0.408458258610242,-0.37271073144080763,-0.37874380679062836,-0.4693986374835436,-0.34659935654578217,0.6058463711422336,-0.25683443265713124,-0.33422338829412596,-0.35572619590917315,0.564060254292441,-0.22483037963046446,0.35677154485171053,0.026357836126630722,-0.33881043845856557,0.1569141513792348,0.17551146886422905,0.37571084998614496,0.807374121327326,0.6266655038239299,-0.022988281748194325,0.6457527617849984,0.5701957402078134,100,1
137,0.3012441121461258,-0.06402008641673347,0.460859857826774,-0.03290940979151128,-0.0021643311731276865,0.5911157844471957,-0.04074399044049189,-0.015077869230061096,-0.012371728373111825,-0.10070395817652686,0.020274736220629443,0.9071102349694572,0.08680372932188837,0.007478267359096056,-0.003067826959783628,0.849079223737081,0.13317540034143846,0.6423902925845575,0.3496239575128474,0.0025974474676235797,0.42678643074636885,0.5071165320653113,0.7179016444700663,1.1020523435993523,0.955689540170096,0.3379707545868332,0.9750746706985727,0.9029724483695435,100,1
138,0.6403985619008031,0.2616380497593678,0.7870041612752652,0.3012697579213155,0.30957627788880204,0.849152625869936,0.301917991916116,0.30473604158598006,0.3268492051132312,0.2481749795519172,0.36202413139133616,1.1765267487735829,0.3791674223546048,0.29499031049354724,0.30276255239006716,1.107624656794895,0.46166455504178544,0.8644261905416192,0.6179538414369385,0.29151133488458003,0.6289948719226159,0.8293592118256793,1.0374612601800155,1.3521773587794512,1.2427576983878101,0.6655018163256647,1.2608903583770206,1.2047741755696082,100,1
139,0.9413084060488449,0.5312549708459228,1.0670200222057888,0.5863255303887855,0.5605684123856682,1.041844891297793,0.5968378367632381,0.5677652931073953,0.6169983047590771,0.5531674191238712,0.6561705825755753,1.3985395407658514,0.6065346064912374,0.5154863599496864,0.5457638893076936,1.3245181603800995,0.739881664860728,1.0160749016498172,0.8208895925623697,0.5150845170931914,0.7612049917715332,1.1231750514565384,1.315635703051268,1.5425249453893919,1.4712459876731547,0.9407897215576542,1.4868594723648947,1.4578617829466816,100,1
140,1.187118327912202,0.7344991232110162,1.2866391212429693,0.8099226069530319,0.7428066973480522,1.16406905512979,0.8295396941029393,0.7639920033516072,0.84425782872294,0.7981245033546754,0.8880015434907642,1.5598248665901495,0.763944279792373,0.6654958873470068,0.719143795477536,1.4863954753214184,0.9538905954966171,1.0953374311874686,0.9544253234590702,0.6694864793787451,0.8260018033271327,1.3711467095850367,1.5360268278100728,1.660941753961795,1.6280074059428957,1.1511698271823594,1.6401536675037367,1.6468865169123847,100,1
141,1.3653430804662106,0.8681219146442715,1.4359044243945644,0.9663624061329877,0.8549811753059269,1.2142596795202558,0.9926804477130039,0.8903013686769743,1.001827580430048,0.9741782395757456,1.049555777356605,1.6496669147946639,0.852258552587951,0.7474406618367041,0.8225037098766557,1.5821488630885476,1.0962289856200484,1.1034677380880578,1.0188423917934006,0.7567805576198545,0.8284595418142517,1.5583037522007126,1.685192246209466,1.698909019545476,1.703581458932993,1.2890380007883382,1.7115636072758909,1.7595086729235632,100,1
142,1.4675896514492932,0.9332786667725373,1.5084395830729995,1.0542277563412439,0.8997567352160285,1.1934840398374542,1.083877394071489,0.9478601250759523,1.087632014038205,1.0779242035465273,1.1377195214990519,1.6606259946118989,0.8753773138582668,0.7667234670016926,0.8591742545827717,1.6038599496137858,1.164439466882446,1.0440573656911643,1.0169090187581624,0.7819916581202712,0.7746853758856732,1.6725992323852326,1.7531949161646956,1.6521248654359355,1.692498798397048,1.3505594285439106,1.6958751096327633,1.787092307625242,100,1
143,1.4894246754896527,0.9335729667837751,1.501228263081463,1.0747407990220903,0.881794255727843,1.1049945332255526,1.1039119536939512,0.940317117692931,1.1025170452898185,1.1096633312543795,1.1528647897311222,1.5893739707399293,0.838527371174639,0.7299632008503639,0.8344671344052693,1.5475500410469964,1.1597017171165698,0.9226670783230217,0.9529439676583129,0.751201740012412,0.67136858777971,1.7056416711472953,1.7342442201620845,1.5208595283701287,1.593671338955372,1.3350063111701118,1.592266299221862,1.7254013212344925,100,1
144,1.430357111066547,0.874037556596776,1.4146655848164735,1.0309209424496573,0.806863974569015,0.9549344087809473,1.055855989877234,0.87285491677625,1.0495617806540811,1.0723355886579968,1.09811663926388,1.4371944038963038,0.7478524912195135,0.6441852950551324,0.7547900969666147,1.4135152229925065,1.085925666736437,0.7471855309417639,0.8325705481371006,0.671064898781154,0.5260565581271521,1.6534726682316583,1.6270272871278284,1.310005820423292,1.4106461232603589,1.2447097449800995,1.4044697505274257,1.5750934293896153,100,1
145,1.29378693766484,0.7616008371955221,1.25254172204387,0.9272574388599035,0.6817391214265297,0.7523936221330653,0.9448642220329913,0.7525712758944475,0.933960451370852,0.971001234996871,0.9789832746191081,1.2104650864244602,0.6105835716460409,0.5167582594405531,0.6273890402757488,1.2064357380147028,0.9493002173189337,0.5279822922872324,0.6626835604939504,0.5488399109937828,0.34741132464316266,1.5168343444674741,1.43481943305093,1.029211259501949,1.1514343646952465,1.0851305636822495,1.1407777394701206,1.3418263568209068,100,1
146,1.0870464645596494,0.6049866513591721,1.0221007972032015,0.7697826987014974,0.5143693891539132,0.5069421763895631,0.778047716641789,0.5884929433544352,0.7630559549154644,0.8124498808351109,0.8031675700428259,0.9203083440184285,0.43509067710125643,0.35564541209089084,0.4603883084197431,0.9352338645479553,0.7580422163148351,0.27685607038072096,0.45175140924424473,0.3919476259727168,0.14515599284437586,1.3010679418257944,1.1656429602220912,0.6925075727856309,0.8283057844553333,0.8646187435771905,0.8137849150219139,1.035900204472333,100,1
147,0.8210485398761137,0.4122448454382709,0.7341266150786688,0.5663755126831481,0.3140893847691895,0.22865125630203456,0.5643942075225373,0.38922706342525143,0.5461909308949859,0.6053207250426922,0.5805063613688206,0.5805440604637991,0.23084506699294924,0.16978630973471545,0.2630947408735795,0.612683083898908,0.5223315853449115,0.0064593177852053495,0.21053717823147214,0.20837647313064342,-0.06988909118514432,1.0157684298654364,0.8321456071990041,0.3167868802371657,0.45767742503251085,0.5942042197430071,0.43976729754197114,0.6718580242753553,100,1
148,0.5090666089008203,0.1911662535432574,0.4028509650467243,0.32711196367345163,0.09181922784674741,-0.06889892707873153,0.3150812231947174,0.16310323663928472,0.2946507405580484,0.36096894812892705,0.32297538737859166,0.20697507681429655,0.008639996993415234,-0.03045139322544711,0.04638011524642563,0.25483750587014015,0.2548105502690227,-0.2689089561479212,-0.04773147854144559,0.008071471044638116,-0.2857339952619853,0.6745113596378819,0.4510261268681383,-0.07898644054907965,0.05906991090243784,0.2879397336294614,0.037932612919991775,0.2681829959071272,100,1
149,0.16680200742453927,-0.04729650592203676,0.04558533904611095,0.06436578892782378,-0.13994615758186896,-0.3684538370352477,0.04373120180519607,-0.07874324552191155,0.021941190123442186,0.09336952265746329,0.044667406635879515,-0.18146528612133228,-0.21916457101370843,-0.23332982171845645,-0.17740970118682914,-0.11976930405153946,-0.02926475646239215,-0.5331584710783518,-0.30825330285562935,-0.19709766637918283,-0.4896090631365021,0.2949010286599627,0.04215141495608365,-0.4735805464831579,-0.346333477300187,-0.037267583304080636,-0.3703129620314065,-0.15372377293069622,100,1
150,-0.18703505018981711,-0.28882788996493647,-0.3181214949279204,-0.2074215277079499,-0.3676931503136013,-0.6514252200355121,-0.23414137437070595,-0.3220386112182719,-0.2564771176211479,-0.18210508155168637,-0.23853887362966347,-0.5631213424713079,-0.43907302409841287,-0.4264904918207205,-0.39514710473314185,-0.49105995520476403,-0.31334570421153685,-0.7698049639859607,-0.5558388244115655,-0.3946982014066275,-0.6688149744928598,-0.10248471223775281,-0.37254136125167936,-0.8444097549010403,-0.7364316881655932,-0.3630603475915006,-0.7623225600713243,-0.5710169406140251,100,1
151,-0.5326789767586377,-0.5180134943997281,-0.6677888811524832,-0.4725564658123661,-0.5777596435030121,-0.9001818983374513,-0.5023671115880111,-0.5513199912735633,-0.524363405416649,-0.44964541913522127,-0.5100270717394214,-0.9156300075644029,-0.6374807549578178,-0.5978740670217955,-0.5938187849339887,-0.8383049719266387,-0.5812524438747056,-0.9636520589937914,-0.775809014140515,-0.5726111275001887,-0.8115801734754732,-0.49596909034788045,-0.7701550505934042,-1.169314653372421,-1.0889572118591209,-0.6709849378454947,-1.1154604736082165,-0.9604003562583513,100,1
152,-0.8510457800450125,-0.7200493934812751,-0.9832776075680967,-0.7156921461307062,-0.7571067416786879,-1.0992815899330577,-0.745208564114813,-0.7518644139137588,-0.7659880679276322,-0.6940075020759507,-0.7538062410021292,-1.217805327537069,-0.8017099600532024,-0.7364567210875186,-0.7612510470151982,-1.1412193552967629,-0.817757753217325,-1.101847196342967,-0.9545710680627222,-0.7193943685052483,-0.9078586791382207,-0.8636953480651031,-1.1279271218382572,-1.4281981275136328,-1.3827595452737516,-0.9432781060994851,-1.4084472206721417,-1.2991917369082469,100,1
153,-1.1236997492227259,-0.8817901867076265,-1.2457210479961396,-0.9226461759562196,-0.8940668999413796,-1.2358694385303124,-0.9481157937826499,-0.9109515630001354,-0.9669658417280934,-0.9012252897002627,-0.9554546694634086,-1.4509548492713207,-0.9207718970306045,-0.8329014286984239,-0.8866028846230505,-1.3812960133647147,-1.0087160751545243,-1.1744667209066575,-1.0802041847239352,-0.824931069670613,-0.9501198575012195,-1.1844968811427266,-1.424493522649352,-1.6045186347503295,-1.599321956056139,-1.1636743070353424,-1.6227630349336337,-1.5667086662209915,100,1
154,-1.3336289939944963,-0.9924611060414542,-1.438546511088338,-1.0803728893652247,-0.9790670775973197,-1.30022372790344,-1.0985231672921698,-1.0180873914663846,-1.11491523049954,-1.058758408397946,-1.1026634294997397,-1.5999199127468675,-0.9859385777862685,-0.8799958782130448,-0.9608568546135576,-1.542938549838603,-1.1418737089225885,-1.1750351915220025,-1.143292107142589,-0.8812672989973388,-0.9337985715272072,-1.439230647936521,-1.6412838910036467,-1.6863937263244138,-1.7241779859597284,-1.3182263935890486,-1.7438931512817175,-1.7454942749633617,100,1
155,-1.4668684800662342,-1.0441111108913819,-1.5487083141679743,-1.1777050311920398,-1.0051291633279722,-1.286078932711589,-1.1865273328679515,-1.0653046840855538,-1.1999770560768919,-1.1560658537898711,-1.1856655702251322,-1.6539454954924684,-0.9912553936138944,-0.8729348835614457,-0.977497509970187,-1.6144108280349418,-1.2079131034862018,-1.1011540914879603,-1.1376418917115738,-0.8832206336887325,-0.8575597782058735,-1.6117937038282566,-1.7637396695182603,-1.666969215907664,-1.7477405294861037,-1.3960514608398864,-1.7621385215270453,-1.8224312468740056,100,1
156,-1.5137153069405702,-1.0317229859579158,-1.567404218514893,-1.2062000739639032,-0.9681191169649846,-1.190920842027115,-1.2049983525142958,-1.0477431370333752,-1.2148292166929955,-1.185387874640353,-1.1976448385494496,-1.6072883834994856,-0.9339377140839887,-0.8097255232826083,-0.9330337784975291,-1.5886799440109673,-1.2007236263894796,-0.9548923491829114,-1.060360013140776,-0.8285253096459132,-0.7232308720841963,-1.6900072819743537,-1.7821048341708823,-1.5448029556065517,-1.6656450338807065,-1.3899456993957895,-1.6733792657077668,-1.7899695545215988,100,1
157,-1.4690978218958155,-0.953401777931288,-1.490316229154321,-1.160546649330612,-0.8670346604222982,-1.0168198492977898,-1.1497194910162176,-0.9639735973720769,-1.1551428508999868,-1.1422028733859022,-1.1352375801671313,-1.4601734399609556,-0.8145804375155801,-0.691369139300263,-0.8272224207477608,-1.4641832624478466,-1.1175940634860027,-0.7422455639470205,-0.9119138634005426,-0.7177137586508071,-0.535361583280603,-1.6665762902617642,-1.692333598591218,-1.3263540682149288,-1.4806730901200833,-1.296950461499203,-1.4811733426182143,-1.647783080568818,100,1
158,-1.3328301354010512,-0.8106803875894564,-1.3187773182918683,-1.0392535596650334,-0.7045021334994928,-0.7713525529300066,-1.0200589020892246,-0.8161210504407943,-1.020824713425705,-1.0256918644170865,-0.999088289596745,-1.2210054268571946,-0.6376410821643644,-0.5217183876928305,-0.6632255495425797,-1.2463422849287982,-0.9599522973886446,-0.47228849325253314,-0.697030405033093,-0.5547258457107468,-0.30143632501847295,-1.5403194193603935,-1.4983711109487823,-1.0291242002915075,-1.2064871429776698,-1.118967782731333,-1.2002317959080173,-1.4055943694147475,100,1
159,-1.1109020212303171,-0.6085541518138127,-1.0623561091148988,-0.8454676234442831,-0.4868985662127819,-0.4681474706390298,-0.8199348714311784,-0.6098021396304943,-0.8168570534524355,-0.8392647685221739,-0.794135503149247,-0.9088336976054563,-0.4109770875301292,-0.30753790495203154,-0.44763920328183315,-0.9505409227826078,-0.733758063329015,-0.15749079277758826,-0.4253695845834797,-0.34688804043130644,-0.03235649717226064,-1.318062786649239,-1.2156346208071334,-0.6808063096370666,-0.868564329214391,-0.86462365509732,-0.8575747624652786,-1.085779455170731,100,1
160,-0.8172538616610582,-0.3554434385517835,-0.7407974387965572,-0.5876292327745924,-0.22403257743855334,-0.12653104217338393,-0.558535730077416,-0.35407320914417684,-0.553044711972273,-0.5908043221919577,-0.5294515576840441,-0.5525039586805027,-0.14384524022243228,-0.05858031513447914,-0.19017757425071236,-0.6029461767116231,-0.4492660264128061,0.18565011862127956,-0.1110377222094067,-0.1029522715897197,0.2580257404937574,-1.0169632623988625,-0.8721355297130795,-0.31447949756633775,-0.5001982618981868,-0.550445604922965,-0.48825076221402186,-0.7221990461614767,100,1
161,-0.47416908092828747,-0.0632755144458563,-0.3824895895613561,-0.2798068941477527,0.07123112243226237,0.23035406622481022,-0.24981451716215486,-0.061405311906844076,-0.2429350866203671,-0.2925039294621832,-0.2180992911705818,-0.1851943340912714,0.1527854067108309,0.21276172948368402,0.09672188915849,-0.2353409204922488,-0.12096866631527481,0.5374752668747875,0.22845258920015296,0.16695093727624222,0.5540127472853476,-0.6652353806091691,-0.5038042893241117,0.03737802956158446,-0.13618582149398062,-0.19707933957812887,-0.12768971250622344,-0.3536104066147474,100,1
162,-0.10976896731686474,0.25290503215971477,-0.01918458557548128,0.05903876122306459,0.3835635324438665,0.5785160477269412,0.08873277595019419,0.25278472096585275,0.09649179145988478,0.03966138080395521,0.12320326387936516,0.16215047981083305,0.46404239529395763,0.4921654133638596,0.3982721334053853,0.1215049332019113,0.2327760298889259,0.8771236499133614,0.5734401374188539,0.4494710870478938,0.8390775883553586,-0.29796669013246596,-0.14622499904828423,0.34840457846089523,0.19336972495791646,0.17353423154470793,0.19502240173942953,-0.014547033143596311,100,1
163,0.2468524356369479,0.5758996473708015,0.32029764054111437,0.4070721869857889,0.696052280703937,0.8959678220801479,0.4372735847436053,0.5710622759316246,0.4449762066963531,0.38692295936746185,0.4752193931990922,0.4652692649243912,0.771868522294888,0.7642933300906888,0.6980640201981392,0.44165916213594075,0.5912655271311653,1.1844363718841873,0.903556472370482,0.7286052831159033,1.096762994924413,0.05109500691918622,0.1719962592902607,0.6012339529275239,0.4672208271606857,0.5373209251334541,0.4604743551450014,0.27097554688807757,100,1
164,0.5703481909269443,0.8874645535123568,0.6142672155501642,0.7420926891116334,0.9911953359903196,1.1644766426113053,0.7751799452863968,0.8751147278642316,0.7808819018012695,0.7291448907454053,0.8177078746358897,0.7084560074069148,1.0575273034222463,1.0137885484759266,0.979146251029891,0.7062976885947859,0.9332895987471241,1.4413158487759647,1.1992403176118256,0.9877075470071948,1.3116975510579467,0.3562239113845536,0.4321172545333837,0.7870857829135777,0.6738625728982548,0.8701624488288088,0.6589067061246358,0.4905038989413305,100,1
165,0.8417262516755935,1.1695415865854863,0.8490253898554231,1.043695416823964,1.252001800349819,1.3699445112097743,1.0825794531972595,1.1470674708995394,1.0836318589454395,1.0462695852597828,1.130748674433487,0.8838540993251717,1.3033799331978988,1.226183211810964,1.2251873483963642,0.90438035123313,1.238748593438052,1.6325040800043487,1.4431482023484454,1.2109305479215808,1.4705589610263818,0.6017873208787383,0.6250158526247225,0.9036421410266497,0.809735708282427,1.151592873044237,0.788083586107577,0.6408268634362522,100,1
166,1.0486759337869074,1.405431161779863,1.017338478159892,1.2946337264447587,1.4629420744347685,1.5021892887539925,1.341595192084074,1.3707098462201528,1.335328352508373,1.3196287056673852,1.3959556981443186,0.9892421163949233,1.494129930376197,1.3885135682127387,1.4214610686191258,1.0313056314237368,1.490014330798098,1.7460084820641275,1.6209124359129032,1.3842767975090382,1.5627519537338455,0.7806764656830313,0.7489067057426578,0.9525868610871764,0.8764611141918648,1.3663437842561132,0.8503327666592683,0.7247020502105083,100,1
167,1.1844232628492442,1.5805234360915739,1.1164443652388585,1.4812690319437014,1.6105953405685962,1.5548495913657887,1.5372585557204008,1.532252796995273,1.521568677502367,1.53309538097441,1.5975857729829444,1.0259164229318998,1.617540391236424,1.4898764266509923,1.5554845390716512,1.0867628134500662,1.6725181774126512,1.773629506810456,1.721455521113236,1.4963315571881033,1.5809227398340326,0.891485689094562,0.8065906926439469,0.9376395160691668,0.8785126018067301,1.5042373539801828,0.8502178879159088,0.747874879412835,100,1
168,1.246313150042854,1.6829461918010968,1.1465965245542395,1.5935551455836225,1.6843562972936885,1.525451212074038,1.6580208757891202,1.6208944788392743,1.6316182235309047,1.6737348602721436,1.7232205554984859,0.9973003809994915,1.6647715205439428,1.5222024774172211,1.617545032766628,1.0731352122589422,1.7749322645529124,1.7116122015673085,1.7374690772552055,1.5387171625759288,1.5214975840233786,0.9362214424754982,0.8033088417068417,0.8637075254390438,0.8218846025129402,1.5594592078114928,0.7935019240943704,0.7169505973649556,100,1
169,1.2348472972200006,1.7044554998166634,1.110096346038204,1.6251329458366872,1.6773739027354684,1.4155241135176884,1.6961699931053915,1.6296173759463468,1.6585728154783146,1.7322188150209277,1.764142780839029,0.9083073713992917,1.6308109835256657,1.481079121839164,1.6014721803378986,0.9948557518511385,1.789728654058367,1.5610519628188213,1.665880463375849,1.5065284719749656,1.3850887438590451,0.9188231135918642,0.745360189407399,0.7370335570121644,0.7134475431911059,1.5300752308617758,0.6868189585111704,0.6385611700863987,100,1
170,1.1531545116824522,1.641202170063237,1.0109181444715731,1.5735709620134972,1.5872359790785555,1.2305465733649603,1.648216774204405,1.555822968639943,1.5998718979213065,1.703464312721949,1.7158699296257036,0.7655224447202772,1.5149717640377507,1.3662574190625225,1.5054270329480066,0.8588883656404103,1.713833696393451,1.3284124607163315,1.5081318296994644,1.3989043518308273,1.1772969692703872,0.8443372508318281,0.6396051242636855,0.5654996262784364,0.5608495136334879,1.4179580526807647,0.5379013152693424,0.5193995393173272,100,1
171,1.0068801052419367,1.4939964097659995,0.854771782339116,1.4404493653466237,1.4160877155313596,0.9796530799515945,1.5150523739674968,1.4014968127042937,1.457508504698654,1.5870295683526692,1.5786653057527331,0.5776208389543167,1.3211460159759663,1.181587235912448,1.3321094019379982,0.6746959495410276,1.5489735429835054,1.0253871565898631,1.271473132923997,1.2193414079289746,0.9085627922988964,0.7186646970990986,0.4937411616457055,0.3585533954740561,0.37319495417598286,1.2286674181736081,0.355903845539691,0.36653340768764414,100,1
172,0.8041625747449387,1.2685576608699631,0.6493382510470974,1.231407658843123,1.1704881797966646,0.6752954308378879,1.3019706018623107,1.173209197070987,1.237836730903208,1.387102951271397,1.3577279257910426,0.35471819688853495,1.0575111300636912,0.9347557543995297,1.0885541824223175,0.45190860074970346,1.302009081642487,0.6665499475305076,0.9684924380403142,0.9755312617449817,0.5913725158608704,0.5487538834533108,0.31647611990011876,0.1269644957376214,0.16125867367298144,0.9710144436799493,0.15075075984854816,0.1882780821786532,100,1
173,0.5554530427075414,0.9752767604625446,0.4045880037710372,0.9561838256709279,0.8612946706001607,0.33284571241003263,1.018505067756638,0.8819592720995706,0.9513080969685234,1.112434278370859,1.0630718086238833,0.10759834909007765,0.7360473458532678,0.6370706072780964,0.7858448875535673,0.19997388839648395,0.9845890139825814,0.26807004889702385,0.6127702492394781,0.6788977643846967,0.23936260285690303,0.34328274372332146,0.1172131358516977,-0.11711106757418147,-0.06325325161700883,0.6570749833518666,-0.06735539649384358,-0.005412322096243225,100,1
174,0.27350992714966543,0.6279159392850753,0.1328883089219346,0.6283737445297454,0.5035013823290132,-0.02988072843158384,0.6782285847019931,0.5426456118808614,0.6121321090450204,0.7761190745804122,0.7090233685495473,-0.15157848706955404,0.3726270567928076,0.30296896947079377,0.4386176451906565,-0.06901674810995331,0.6116620369879505,-0.150536894616916,0.21896791464398116,0.3440320200723689,-0.1304088080990831,0.11328105665428632,-0.09369970017915544,-0.360068501487871,-0.28808459712773465,0.30291341851945636,-0.286979265148504,-0.2035662861456469,100,1
175,-0.026654360062541897,0.2432587670431755,-0.1512405316832821,0.2648902301299952,0.1155683641480334,-0.393330259657074,0.29860429364755287,0.17317110280192236,0.23789925293556607,0.39517739989743556,0.313523977620531,-0.4084810841024546,-0.013459139498424384,-0.05060026153059796,0.06456299662012475,-0.3395393663667756,0.20119479212823674,-0.5660362910886276,-0.19312574321213763,-0.011899927934379438,-0.4973708008989024,-0.12826945011556337,-0.3045184329573317,-0.5874790233725672,-0.5005003293101502,-0.07213110689129233,-0.49505027092097686,-0.39466693509473555,100,1
176,-0.3284490117269266,-0.15855743678918513,-0.4316276566844959,-0.11490036667435594,-0.28190842592220605,-0.7372903161414337,-0.09996420282159617,-0.20680074177622354,-0.15130651306329365,-0.010280251728317952,-0.10268888829024424,-0.6473354090508044,-0.4012808074815729,-0.4048751736091591,-0.31629356470217684,-0.5946543864464651,-0.22533031482677435,-0.9538308809084607,-0.599694489734555,-0.3699466324930564,-0.8397755048086214,-0.36754099317778366,-0.5026541384580614,-0.7852790353770595,-0.6877789112442542,-0.44764546048671705,-0.6781190669887002,-0.5671117540116165,100,1
177,-0.6148021731813953,-0.5552731461821816,-0.6917182669778039,-0.49038392918668444,-0.6674356911473323,-1.0420329089876827,-0.49572154248075556,-0.5768362575076795,-0.5342722249496421,-0.4183412057652643,-0.5171588659574874,-0.8526251013701569,-0.7696705367554748,-0.7402647491136278,-0.6829169550821441,-0.8180743134230323,-0.6442047914856462,-1.2904049527020494,-0.9763701373113334,-0.7103065781149657,-1.1367626215923805,-0.5907146616188994,-0.6756152633833026,-0.940772722643078,-0.8379623295960298,-0.8032820051250732,-0.8238043506173744,-0.709914836375304,100,1
178,-0.8692296405390163,-0.9243126566766494,-0.9164329281096965,-0.8406338654080696,-1.0194030595749428,-1.2892467931929228,-0.8667117658888005,-0.9162439669072913,-0.8896802693513683,-0.8064407597092087,-0.9068443939566816,-1.0107719451905708,-1.0979629942236784,-1.0374492252731957,-1.0145746748375732,-0.9956030617450468,-1.0314232868989084,-1.5549445884459148,-1.2999537469931972,-1.0134119204724272,-1.369784230571566,-0.7844658692451099,-0.8118676243320389,-1.0433099690508258,-0.9407545844938786,-1.1190245898375883,-0.9218399008504377,-0.8134721636256987,100,1
179,-1.0766590375688294,-1.243988809890519,-1.092772179034746,-1.1452197001635118,-1.3169804227484057,-1.4631704098886253,-1.1916869448946406,-1.2050512439215588,-1.197038152930589,-1.1523975952590295,-1.2492658140799369,-1.111123346826246,-1.3668232813282677,-1.2784490755130227,-1.2917093931847776,-1.1159587248796596,-1.364133333115632,-1.7305286128686719,-1.5498400977715865,-1.2612296247020418,-1.524149499704476,-0.9365188855178221,-0.9017251212266568,-1.0848905720362485,-0.9883835456976486,-1.375958453197945,-0.9647559735696776,-0.8701494385153208,100,1
180,-1.2242113512505695,-1.494687956873413,-1.209248453356842,-1.3855438145500243,-1.5415806620589503,-1.551865974616182,-1.451268829235481,-1.4255531658239204,-1.437916853264286,-1.435640195525436,-1.52372447542533,-1.146031557039262,-1.5592321025427214,-1.4477260671823498,-1.4969265590086651,-1.1703938890670553,-1.6219941253291148,-1.805084122621772,-1.7097242822598564,-1.4382150259921258,-1.5898888127731243,-1.036379450138195,-0.9379862412581366,-1.0604882610864488,-0.9759460806842175,-1.5574979251362926,-0.948216716775728,-0.8743355245049201,100,1
181,-1.3019511526055398,-1.6602532387350095,-1.2563259303366339,-1.546229434181462,-1.6782845398138821,-1.5478104791751037,-1.6291929686456674,-1.5635621177162562,-1.597064395475869,-1.6384353234451166,-1.7126425488506198,-1.1108520705898064,-1.6617761181088109,-1.5333833377736776,-1.6164186704005918,-1.1527457937051848,-1.7883604304729364,-1.7718240909432006,-1.7686687133624328,-1.5320095885927647,-1.5606947111798797,-1.075955847694935,-0.916283678609538,-0.9684789598903907,-0.9015449490278074,-1.6506241535367148,-0.8712781554231551,-0.8225822103366155,100,1
182,-1.3032477154269282,-1.7290192240946174,-1.2275648930210674,-1.615967657912286,-1.7166173933659485,-1.4480791059896996,-1.7133186883888707,-1.6091509783639932,-1.66327591783224,-1.7470532898961753,-1.8028569573703288,-1.0045613998483611,-1.6657871110304852,-1.5279380180784043,-1.640942628343288,-1.0609258161075297,-1.8511661116229003,-1.6303171448812404,-1.7210685311191067,-1.5342610330104691,-1.4343338615597776,-1.0499860549220663,-0.8353110971551592,-0.8110876397147474,-0.7665497372281921,-1.6468120625475369,-0.7358492460016121,-0.7141646385673636,100,1
183,-1.2250615126894653,-1.6942770019046935,-1.1204261337298813,-1.587977985219308,-1.6512887078321148,-1.2558148074174345,-1.6962888933427749,-1.5571470428174865,-1.6301181673836054,-1.7526769452763844,-1.7864932909574822,-0.8298402981838744,-1.5681028381154631,-1.4285750542343425,-1.5660534517224722,-0.8976579438338923,-1.8038936779193555,-1.3900541817861187,-1.5676878599024535,-1.441503345505928,-1.2160874877428656,-0.9564167229840175,-0.6966264285226504,-0.5940530133789333,-0.5754991688242747,-1.5429372613247183,-0.5457209870419603,-0.5517136717503655,100,1
184,-1.0685998269380412,-1.5552925865257003,-0.937107416479931,-1.460856056714302,-1.4837526430851025,-0.9828504518800066,-1.5763604146649848,-1.4079475537708994,-1.496796211414062,-1.6521705091147276,-1.6619131358359611,-0.5926480403242722,-1.3724178570093406,-1.2382447788872473,-1.3932933665552145,-0.6696023613015898,-1.6472680001405906,-1.0733994311402166,-1.3189054151592945,-1.2563739509940124,-0.9211441322358029,-0.796775188514655,-0.5043623738920702,-0.3265212996828365,-0.3359500706881058,-1.3425057508025555,-0.30738698156883765,-0.34143924170390755,100,1
185,-0.8411370018951216,-1.3199499717838639,-0.6853911220622486,-1.240766675570827,-1.2248957666551092,-0.6507315665253032,-1.3593051402065437,-1.16950525734643,-1.2699210726368761,-1.4500315315784433,-1.4362073435271423,-0.3031978964928021,-1.0918093828881996,-0.9685421178782002,-1.1328689052138659,-0.3867145115360893,-1.3922284219192602,-0.7129308983661801,-0.997180611043715,-0.989394560666451,-0.5738922776875469,-0.5766409833498992,-0.2658583334774025,-0.021502372395241755,-0.058820573020603555,-1.0581173471484702,-0.03155130266349626,-0.09278641904216596,100,1
186,-0.5562956087046458,-1.007586856259311,-0.3791884704749794,-0.9440169241934844,-0.8977197895185612,-0.28814098817752526,-1.061360960322916,-0.8594264232836786,-0.9662098171113659,-1.1615314834232937,-1.12835567758058,0.023086598852895053,-0.7506485575261256,-0.6407100241072918,-0.8055294183062323,-0.06286652760408752,-1.0625758073121272,-0.344793205378302,-0.6353354336839628,-0.6602495289841329,-0.20465207049833245,-0.30593545811348133,0.007757329597504989,0.30454256656103235,0.24167801649029322,-0.7140868284775164,0.26728507001229196,0.18212981120145777,100,1
187,-0.23033132039653847,-0.6483982799539458,-0.038089978283572384,-0.596985697122409,-0.5351549722394241,0.07436203434089014,-0.7102962611165579,-0.5042572550006327,-0.6131121088054781,-0.8142967005298944,-0.7689409206057457,0.3668832156093535,-0.3820443554539927,-0.28134960600521564,-0.440914218668682,0.28410539368979665,-0.6932858764988313,-0.0019915760762906753,-0.26996944181073457,-0.29637731776501824,0.15548264765970005,0.001467340062390547,0.3023442946283348,0.6330654502404414,0.5491524351276773,-0.3437098422442605,0.572505418569055,0.4691952825013113,100,1
188,0.11888581604438168,-0.27776870249228724,0.31474508070476975,-0.23170847483703697,-0.17145152707762026,0.40964047746897075,-0.34099678567553565,-0.1352806146625557,-0.24406811730151434,-0.4441708576117627,-0.3946216102190291,0.7072828777236678,-0.020480486679861337,0.08191576667408303,-0.07213537510951323,0.633978953906079,-0.3232372288008677,0.2908746526928757,0.06670806167201099,0.07163588489249904,0.4798304426953999,0.328712205736084,0.6019154645769863,0.9448495915644834,0.8463931954657195,0.018857169357240012,0.8668024397572401,0.7529845077778811,100,1
189,0.4697173264401959,0.07137697414901945,0.6556691235135633,0.12061917301852694,0.16475351931282547,0.6972538290087166,0.012572233483630228,0.21711772006005178,0.10884913792371705,-0.08578495354294524,-0.04032892578168714,1.0237670188874244,0.3053205703813486,0.4224487252074078,0.2705956007133704,0.966018407333773,0.013729670420260853,0.5196241816930398,0.3519424676815469,0.41551717029462815,0.7491869252145967,0.6571523232319657,0.8895583937540369,1.2213389559196939,1.1164703831088116,0.3453837477936988,1.1332469455054375,1.01747868563627,100,1
190,0.7986152047290704,0.3739865497327926,0.963350121791954,0.43479992138435825,0.4521260639391295,0.9240792816385949,0.32359716913527276,0.5281442804842063,0.42005422751618743,0.2339670907788752,0.2669551896797396,1.297687998576268,0.575687089400073,0.7177058273577894,0.5643196889914586,1.2605713332377213,0.2944908792353758,0.6790452224690211,0.57325256564128,0.7130378369932568,0.9520873380063232,0.9676237371676654,1.1485579919027606,1.4459508344474734,1.3435890858943829,0.616510031253316,1.3561491252705957,1.2470694018350623,100,1
191,1.0840689007113529,0.6146300934540208,1.2203416462582368,0.693883942530175,0.677112508694516,1.082999905056367,0.5748238648867008,0.7807814263591728,0.6725161373059941,0.49679963524509857,0.510754830290792,1.5132109667410243,0.7799404345929065,0.9517088357712143,0.7946308136327598,1.5004139095102529,0.5074907728248341,0.7701154613897199,0.7266539927513532,0.9491667760152582,1.0831740925123954,1.2418085479310257,1.3635434075911286,1.604907801369406,1.5137050972560049,0.8217287100355561,1.5216959589511745,1.4275828843688845,100,1
192,1.308875304393083,0.7863954367034426,1.4133087562850357,0.8885375493511528,0.8334521849075205,1.1711354143926562,0.7579194983886609,0.9653789225004479,0.8572692337504896,0.6926574328808486,0.6841591512138114,1.6577147764757103,0.9143712813347037,1.1149317532192116,0.9545211875335817,1.6713354204877238,0.6501986496095721,0.7973895875023237,0.8137557151202173,1.1152887464491739,1.1412869807579726,1.4634079822648693,1.5211160367244638,1.6876487128574684,1.6152273836303659,0.9572290297890353,1.6186293296979493,1.5469699197681652,100,1
193,1.4608110131426102,0.888422263620869,1.532738741948646,1.0149804312994593,0.9202863030214987,1.1885401546449985,0.8710346611580025,1.077923565398467,0.9713021641393893,0.8184239411321078,0.7870488539015491,1.7220848663259043,0.9795998427665787,1.2031119033927522,1.0422361164844793,1.7623521352576417,0.7256726463263964,0.7669781406124616,0.8388557401594104,1.2075927604182597,1.128177702427933,1.6188008591435903,1.6103553275285796,1.6874561608827339,1.639981486692443,1.0232910161316475,1.6390816847157026,1.5959800116283918,100,1
194,1.5323711535683018,0.9234411419364645,1.5727704021973294,1.0730552830406805,0.9401919455796645,1.137425665296431,0.9162871565597849,1.1182621140801507,1.0154521234342515,0.8755921597717777,0.823293023191105,1.70107736261199,0.9786385827168016,1.2160505519963887,1.0594724154286992,1.7663301324357674,0.7397744855238605,0.6854888126595234,0.807109985541833,1.2256420676466324,1.047767653298671,1.6975372807431894,1.6236866216578,1.6020925587043222,1.583942840200292,1.0226046526243042,1.5792370803750149,1.5689691376283996,100,1
195,1.5204955442525636,0.896064889092555,1.53115975138294,1.0648689995515792,0.8978278496116616,1.0219236757429089,0.8980957149154287,1.0888720738913744,0.9929820253314054,0.8684487089485601,0.7987584651545709,1.5936447709578616,0.9160561233824476,1.156659679443421,1.0102003089679041,1.6806464419037743,0.699336849927272,0.5600776862374106,0.7241717416456733,1.1716568696112475,0.9065752997692476,1.693042728291992,1.557562095787246,1.434004644346015,1.447519556508374,0.9594418336574029,1.4396141121459087,1.4644903233639277,100,1
196,1.4263774760551633,0.8119840110618245,1.4094477590518957,0.9940246559579552,0.7993047704000144,0.8482702744516183,0.8222035673307733,0.9943138435760451,0.9088687523787679,0.8029429144947374,0.7202473147108113,1.403245663321905,0.7982578179408535,1.030406919455278,0.9000267594339871,1.5074161598845686,0.6114060758084575,0.3988549882858774,0.5963930805942613,1.0503821879383162,0.7140497721474576,1.6031859017486294,1.4127260805057984,1.1909429667770384,1.2356475456674922,0.8395200273958131,1.2252346222380974,1.285447794450346,100,1
197,1.2551685541842068,0.6779596447930916,1.213141508919432,0.8663012658801912,0.6519920218210654,0.6251297145712926,0.695303811173412,0.8412011193800136,0.769660940165065,0.6861007385261341,0.5952894985077634,1.1378494793463152,0.6334723899490727,0.8450805644735665,0.7362416237722422,1.2532423436906315,0.48335567846757627,0.2107819206365897,0.430831006150416,0.8690370946245887,0.48058538171828974,1.430526515911521,1.1948045126349507,0.8855668223776947,0.9577031086843106,0.6705028466328209,0.9455094773075864,1.0389654333949956,100,1
198,1.0157335105711292,0.5021474999502958,0.9516254831579326,0.6899107372057542,0.4645588809952554,0.3637544297582877,0.5252092537089,0.638352820650994,0.5835279478584503,0.5260165346205441,0.4323043879835022,0.8097836834038187,0.4304503295749367,0.6107665543205987,0.5281978983408224,0.9292794088769502,0.32321494151588476,0.005606265655966249,0.23590318620115935,0.6372535279450545,0.21677672971158088,1.1820548293165825,0.9143624427721102,0.5324357963272183,0.6271822319073735,0.46189579104217743,0.6136136280927984,0.7362333126149182,100,1
199,0.7205122858316249,0.2942778265452698,0.6378491936306223,0.4731760168816981,0.24727013182531943,0.07773066939645212,0.32120677721827506,0.39676086319615644,0.36049397763084934,0.3321849018859839,0.24073562790188885,0.43564093851087277,0.19872618328145064,0.3401106660067188,0.28735274725133664,0.5519318912672238,0.1399009037298785,-0.20566192640677952,0.02222818207283312,0.36717002127518855,-0.06440422808006685,0.8688956831550606,0.5849716511366712,0.1473444623324502,0.26096919827218407,0.22432646772590045,0.24613753448472353,0.392217203363274,100,1
